GEO.id,GEO.display-label,HC01_EST_VC01,HC01_MOE_VC01,HC02_EST_VC01,HC02_MOE_VC01,HC04_EST_VC01,HC04_MOE_VC01,HC01_EST_VC02,HC01_MOE_VC02,HC02_EST_VC02,HC02_MOE_VC02,HC03_EST_VC02,HC03_MOE_VC02,HC04_EST_VC02,HC04_MOE_VC02,HC05_EST_VC02,HC05_MOE_VC02
Id,Geography,Total; Estimate; Women 15 to 50 years,Total; Margin of Error; Women 15 to 50 years,Women with births in the past 12 months  - Number; Estimate; Women 15 to 50 years,Women with births in the past 12 months  - Number; Margin of Error; Women 15 to 50 years,"Women with births in the past 12 months  - Rate per 1,000 women; Estimate; Women 15 to 50 years","Women with births in the past 12 months  - Rate per 1,000 women; Margin of Error; Women 15 to 50 years",Total; Estimate; 15 to 19 years,Total; Margin of Error; 15 to 19 years,Women with births in the past 12 months  - Number; Estimate; 15 to 19 years,Women with births in the past 12 months  - Number; Margin of Error; 15 to 19 years,Women with births in the past 12 months  - Percent Distribution; Estimate; 15 to 19 years,Women with births in the past 12 months  - Percent Distribution; Margin of Error; 15 to 19 years,"Women with births in the past 12 months  - Rate per 1,000 women; Estimate; 15 to 19 years","Women with births in the past 12 months  - Rate per 1,000 women; Margin of Error; 15 to 19 years",Percent of women who had a birth in the past 12 months who were unmarried; Estimate; 15 to 19 years,Percent of women who had a birth in the past 12 months who were unmarried; Margin of Error; 15 to 19 years
1400000US19001960100,"Census Tract 9601, Adair County, Iowa",517,57,48,28,93,55,55,32,0,9,0.0,32.7,0,296,,
1400000US19001960200,"Census Tract 9602, Adair County, Iowa",288,52,7,9,24,29,28,19,0,9,0.0,87.9,0,440,,
1400000US19001960300,"Census Tract 9603, Adair County, Iowa",598,54,23,17,38,27,134,39,4,7,17.4,23.0,30,51,100.0,100.0
1400000US19003950100,"Census Tract 9501, Adams County, Iowa",368,43,45,36,122,99,66,23,0,9,0.0,34.1,0,257,,
1400000US19003950200,"Census Tract 9502, Adams County, Iowa",411,41,57,28,139,64,43,17,0,9,0.0,28.8,0,351,,
1400000US19005960100,"Census Tract 9601, Allamakee County, Iowa",370,71,7,9,19,23,79,38,0,9,0.0,87.9,0,221,,
1400000US19005960200,"Census Tract 9602, Allamakee County, Iowa",542,75,43,31,79,55,109,46,10,16,23.3,31.4,92,141,100.0,73.6
1400000US19005960300,"Census Tract 9603, Allamakee County, Iowa",678,84,38,28,56,42,123,60,0,9,0.0,37.7,0,150,,
1400000US19005960400,"Census Tract 9604, Allamakee County, Iowa",403,52,58,31,144,80,45,25,0,9,0.0,28.4,0,341,,
1400000US19005960500,"Census Tract 9605, Allamakee County, Iowa",671,82,100,56,149,80,70,33,0,9,0.0,18.0,0,245,,
1400000US19007950100,"Census Tract 9501, Appanoose County, Iowa",580,64,41,22,71,38,81,37,16,15,39.0,28.2,198,178,43.8,51.3
1400000US19007950200,"Census Tract 9502, Appanoose County, Iowa",309,42,14,13,45,42,51,22,0,9,0.0,62.2,0,313,,
1400000US19007950300,"Census Tract 9503, Appanoose County, Iowa",561,82,11,16,20,28,58,35,0,9,0.0,70.1,0,284,,
1400000US19007950400,"Census Tract 9504, Appanoose County, Iowa",741,93,34,32,46,44,101,41,0,9,0.0,39.9,0,179,,
1400000US19007950500,"Census Tract 9505, Appanoose County, Iowa",350,62,19,16,54,47,46,25,0,9,0.0,53.4,0,336,,
1400000US19009070100,"Census Tract 701, Audubon County, Iowa",356,48,15,12,42,35,72,29,1,2,6.7,16.2,14,31,100.0,100.0
1400000US19009070200,"Census Tract 702, Audubon County, Iowa",423,56,23,21,54,49,55,22,0,9,0.0,48.5,0,296,,
1400000US19009070300,"Census Tract 703, Audubon County, Iowa",366,46,11,11,30,28,88,33,0,9,0.0,70.1,0,202,,
1400000US19011960100,"Census Tract 9601, Benton County, Iowa",720,84,40,28,56,37,51,31,12,19,30.0,37.3,235,310,100.0,67.2
1400000US19011960200,"Census Tract 9602, Benton County, Iowa",660,111,36,19,55,29,111,56,0,9,0.0,38.8,0,164,,
1400000US19011960300,"Census Tract 9603, Benton County, Iowa",1047,152,38,45,36,46,246,79,0,13,0.0,37.7,0,78,,
1400000US19011960400,"Census Tract 9604, Benton County, Iowa",699,102,49,33,70,48,68,37,0,9,0.0,32.2,0,251,,
1400000US19011960500,"Census Tract 9605, Benton County, Iowa",1359,114,65,23,48,17,207,57,0,13,0.0,26.0,0,92,,
1400000US19011960600,"Census Tract 9606, Benton County, Iowa",555,86,69,36,124,66,55,26,0,9,0.0,24.8,0,296,,
1400000US19011960700,"Census Tract 9607, Benton County, Iowa",543,86,18,16,33,30,59,42,0,9,0.0,54.8,0,281,,
1400000US19013000100,"Census Tract 1, Black Hawk County, Iowa",446,124,71,51,159,109,90,49,0,9,0.0,24.2,0,198,,
1400000US19013000200,"Census Tract 2, Black Hawk County, Iowa",902,171,14,20,16,22,115,63,0,9,0.0,62.2,0,159,,
1400000US19013000300,"Census Tract 3, Black Hawk County, Iowa",592,105,117,51,198,90,37,29,5,8,4.3,6.5,135,211,100.0,100.0
1400000US19013000400,"Census Tract 4, Black Hawk County, Iowa",470,172,12,11,26,26,18,20,0,9,0.0,67.2,0,548,,
1400000US19013000500,"Census Tract 5, Black Hawk County, Iowa",509,100,79,63,155,111,28,26,7,11,8.9,16.7,250,378,100.0,87.9
1400000US19013000700,"Census Tract 7, Black Hawk County, Iowa",373,103,78,54,209,126,74,45,0,9,0.0,22.4,0,234,,
1400000US19013000800,"Census Tract 8, Black Hawk County, Iowa",1053,178,127,82,121,77,122,68,15,23,11.8,19.6,123,198,100.0,60.1
1400000US19013000900,"Census Tract 9, Black Hawk County, Iowa",485,120,15,18,31,37,44,38,0,9,0.0,60.1,0,346,,
1400000US19013001000,"Census Tract 10, Black Hawk County, Iowa",940,109,99,65,105,66,141,62,27,41,27.3,36.1,191,257,100.0,44.8
1400000US19013001100,"Census Tract 11, Black Hawk County, Iowa",856,107,54,67,63,76,98,57,0,9,0.0,30.0,0,184,,
1400000US19013001200,"Census Tract 12, Black Hawk County, Iowa",514,75,23,25,45,50,0,9,0,9,0.0,48.5,,,,
1400000US19013001301,"Census Tract 13.01, Black Hawk County, Iowa",818,137,0,9,0,24,36,28,0,9,,,0,388,,
1400000US19013001302,"Census Tract 13.02, Black Hawk County, Iowa",880,181,25,22,28,25,125,91,0,9,0.0,46.5,0,147,,
1400000US19013001400,"Census Tract 14, Black Hawk County, Iowa",1050,148,104,51,99,48,129,56,0,9,0.0,17.4,0,143,,
1400000US19013001501,"Census Tract 15.01, Black Hawk County, Iowa",638,100,66,52,103,86,52,36,0,9,0.0,25.7,0,309,,
1400000US19013001502,"Census Tract 15.02, Black Hawk County, Iowa",1034,105,90,66,87,62,116,67,0,9,0.0,19.8,0,158,,
1400000US19013001503,"Census Tract 15.03, Black Hawk County, Iowa",817,112,23,22,28,27,117,67,0,9,0.0,48.5,0,157,,
1400000US19013001600,"Census Tract 16, Black Hawk County, Iowa",653,149,28,29,43,45,160,110,0,9,0.0,44.0,0,117,,
1400000US19013001701,"Census Tract 17.01, Black Hawk County, Iowa",476,95,7,10,15,22,34,33,0,9,0.0,87.9,0,399,,
1400000US19013001702,"Census Tract 17.02, Black Hawk County, Iowa",442,80,53,37,120,88,49,35,0,9,0.0,30.4,0,322,,
1400000US19013001800,"Census Tract 18, Black Hawk County, Iowa",322,101,0,9,0,60,14,16,0,9,,,0,622,,
1400000US19013001900,"Census Tract 19, Black Hawk County, Iowa",499,105,72,50,144,88,71,58,26,32,36.1,38.6,366,264,100.0,45.6
1400000US19013002000,"Census Tract 20, Black Hawk County, Iowa",1198,168,49,46,41,39,200,79,0,13,0.0,32.2,0,95,,
1400000US19013002200,"Census Tract 22, Black Hawk County, Iowa",978,234,28,24,29,24,24,22,0,9,0.0,44.0,0,475,,
1400000US19013002301,"Census Tract 23.01, Black Hawk County, Iowa",503,127,53,34,105,71,12,13,0,9,0.0,30.4,0,672,,
1400000US19013002303,"Census Tract 23.03, Black Hawk County, Iowa",3115,496,30,28,10,9,1715,369,0,13,0.0,42.5,0,12,,
1400000US19013002304,"Census Tract 23.04, Black Hawk County, Iowa",1134,308,7,13,6,11,57,50,0,9,0.0,87.9,0,288,,
1400000US19013002400,"Census Tract 24, Black Hawk County, Iowa",847,105,63,39,74,45,93,54,0,9,0.0,26.7,0,192,,
1400000US19013002500,"Census Tract 25, Black Hawk County, Iowa",1308,210,162,87,124,69,120,68,0,13,0.0,11.6,0,153,,
1400000US19013002601,"Census Tract 26.01, Black Hawk County, Iowa",1197,223,143,84,119,73,72,30,0,9,0.0,13.0,0,239,,
1400000US19013002603,"Census Tract 26.03, Black Hawk County, Iowa",3158,394,95,57,30,18,474,200,0,15,0.0,18.9,0,41,,
1400000US19013002604,"Census Tract 26.04, Black Hawk County, Iowa",878,147,27,29,31,36,85,57,0,9,0.0,44.8,0,208,,
1400000US19013002700,"Census Tract 27, Black Hawk County, Iowa",810,107,31,22,38,27,70,32,0,9,0.0,41.8,0,245,,
1400000US19013002800,"Census Tract 28, Black Hawk County, Iowa",811,127,34,23,42,31,157,76,0,9,0.0,39.9,0,119,,
1400000US19013002901,"Census Tract 29.01, Black Hawk County, Iowa",228,49,4,6,18,28,35,27,4,6,100.0,100.0,114,192,100.0,100.0
1400000US19013002902,"Census Tract 29.02, Black Hawk County, Iowa",770,119,28,24,36,33,103,61,4,7,14.3,27.6,39,70,100.0,100.0
1400000US19013003001,"Census Tract 30.01, Black Hawk County, Iowa",959,189,6,11,6,12,122,115,6,11,100.0,95.0,49,117,0.0,95.0
1400000US19013003002,"Census Tract 30.02, Black Hawk County, Iowa",627,109,0,9,0,31,104,40,0,9,,,0,174,,
1400000US19015020100,"Census Tract 201, Boone County, Iowa",506,99,26,28,51,54,63,35,0,9,0.0,45.6,0,267,,
1400000US19015020200,"Census Tract 202, Boone County, Iowa",922,122,96,59,104,62,103,49,0,9,0.0,18.7,0,176,,
1400000US19015020300,"Census Tract 203, Boone County, Iowa",1609,185,30,39,19,25,415,97,0,13,0.0,42.5,0,47,,
1400000US19015020400,"Census Tract 204, Boone County, Iowa",548,137,35,38,64,61,71,36,0,9,0.0,39.3,0,242,,
1400000US19015020500,"Census Tract 205, Boone County, Iowa",959,96,61,39,64,41,88,35,0,9,0.0,27.3,0,202,,
1400000US19015020600,"Census Tract 206, Boone County, Iowa",392,103,23,22,59,53,48,49,0,9,0.0,48.5,0,327,,
1400000US19015020700,"Census Tract 207, Boone County, Iowa",742,106,43,29,58,37,105,44,0,9,0.0,35.1,0,173,,
1400000US19017004000,"Census Tract 40, Bremer County, Iowa",1009,202,23,19,23,19,453,145,6,9,26.1,38.8,13,22,100.0,95.0
1400000US19017004100,"Census Tract 41, Bremer County, Iowa",737,129,39,29,53,41,88,49,1,2,2.6,5.8,11,25,100.0,100.0
1400000US19017004200,"Census Tract 42, Bremer County, Iowa",947,163,21,24,22,25,101,57,0,9,0.0,50.8,0,179,,
1400000US19017004300,"Census Tract 43, Bremer County, Iowa",360,54,3,4,8,11,57,28,0,9,0.0,100.0,0,288,,
1400000US19017004400,"Census Tract 44, Bremer County, Iowa",672,90,17,10,25,15,118,48,0,9,0.0,56.4,0,155,,
1400000US19017004500,"Census Tract 45, Bremer County, Iowa",533,96,6,9,11,17,126,66,0,9,0.0,95.0,0,146,,
1400000US19017004600,"Census Tract 46, Bremer County, Iowa",998,86,60,27,60,27,109,36,0,9,0.0,27.7,0,167,,
1400000US19017004700,"Census Tract 47, Bremer County, Iowa",426,76,24,18,56,38,62,63,9,14,37.5,42.4,145,159,100.0,77.5
1400000US19019950100,"Census Tract 9501, Buchanan County, Iowa",515,58,22,11,43,23,88,27,0,9,0.0,49.6,0,202,,
1400000US19019950200,"Census Tract 9502, Buchanan County, Iowa",765,80,44,26,58,36,185,49,0,9,0.0,34.6,0,102,,
1400000US19019950300,"Census Tract 9503, Buchanan County, Iowa",765,89,97,56,127,67,60,32,9,12,9.3,13.8,150,208,100.0,77.5
1400000US19019950400,"Census Tract 9504, Buchanan County, Iowa",579,94,0,9,0,34,45,38,0,9,,,0,341,,
1400000US19019950500,"Census Tract 9505, Buchanan County, Iowa",920,105,70,57,76,62,146,57,22,31,31.4,36.9,151,204,0.0,49.6
1400000US19019950600,"Census Tract 9506, Buchanan County, Iowa",862,102,87,47,101,54,132,54,21,23,24.1,23.8,159,149,100.0,50.8
1400000US19021960100,"Census Tract 9601, Buena Vista County, Iowa",333,58,14,11,42,31,64,36,0,9,0.0,62.2,0,263,,
1400000US19021960200,"Census Tract 9602, Buena Vista County, Iowa",315,53,17,12,54,37,75,34,0,9,0.0,56.4,0,231,,
1400000US19021960300,"Census Tract 9603, Buena Vista County, Iowa",402,70,30,22,75,52,90,36,9,13,30.0,37.1,100,144,100.0,77.5
1400000US19021960400,"Census Tract 9604, Buena Vista County, Iowa",1443,171,173,82,120,56,263,113,43,58,24.9,28.5,163,194,100.0,35.1
1400000US19021960500,"Census Tract 9605, Buena Vista County, Iowa",1288,177,61,40,47,30,147,74,0,13,0.0,27.3,0,127,,
1400000US19021960600,"Census Tract 9606, Buena Vista County, Iowa",656,73,63,25,96,39,101,39,4,6,6.3,9.4,40,61,0.0,100.0
1400000US19023070100,"Census Tract 701, Butler County, Iowa",680,74,24,16,35,24,110,32,0,9,0.0,47.5,0,166,,
1400000US19023070200,"Census Tract 702, Butler County, Iowa",385,53,11,11,29,28,80,31,0,9,0.0,70.1,0,219,,
1400000US19023070300,"Census Tract 703, Butler County, Iowa",540,77,50,22,93,42,77,33,0,9,0.0,31.7,0,226,,
1400000US19023070400,"Census Tract 704, Butler County, Iowa",726,80,29,20,40,29,78,30,0,9,0.0,43.2,0,224,,
1400000US19023070500,"Census Tract 705, Butler County, Iowa",668,78,28,21,42,30,95,39,0,9,0.0,44.0,0,189,,
1400000US19025950100,"Census Tract 9501, Calhoun County, Iowa",424,64,13,16,31,37,49,24,0,9,0.0,64.5,0,322,,
1400000US19025950200,"Census Tract 9502, Calhoun County, Iowa",604,59,44,29,73,47,75,32,0,9,0.0,34.6,0,231,,
1400000US19025950300,"Census Tract 9503, Calhoun County, Iowa",362,45,18,11,50,29,52,20,0,9,0.0,54.8,0,309,,
1400000US19025950400,"Census Tract 9504, Calhoun County, Iowa",398,66,24,24,60,61,95,33,0,9,0.0,47.5,0,189,,
1400000US19027960100,"Census Tract 9601, Carroll County, Iowa",849,102,19,19,22,22,178,60,0,9,0.0,53.4,0,106,,
1400000US19027960200,"Census Tract 9602, Carroll County, Iowa",469,58,61,33,130,66,63,25,0,9,0.0,27.3,0,267,,
1400000US19027960300,"Census Tract 9603, Carroll County, Iowa",1166,136,30,31,26,27,190,71,0,13,0.0,42.5,0,100,,
1400000US19027960400,"Census Tract 9604, Carroll County, Iowa",821,122,32,28,39,35,82,47,0,9,0.0,41.1,0,214,,
1400000US19027960500,"Census Tract 9605, Carroll County, Iowa",319,43,33,22,103,63,28,17,0,9,0.0,40.5,0,440,,
1400000US19027960600,"Census Tract 9606, Carroll County, Iowa",556,84,13,10,23,19,119,41,0,9,0.0,64.5,0,154,,
1400000US19029190100,"Census Tract 1901, Cass County, Iowa",495,84,25,20,51,43,93,43,0,9,0.0,46.5,0,192,,
1400000US19029190200,"Census Tract 1902, Cass County, Iowa",509,62,31,20,61,38,82,44,0,9,0.0,41.8,0,214,,
1400000US19029190300,"Census Tract 1903, Cass County, Iowa",300,48,23,14,77,49,23,15,0,9,0.0,48.5,0,485,,
1400000US19029190400,"Census Tract 1904, Cass County, Iowa",727,105,84,44,116,56,122,53,39,36,46.4,33.3,320,235,100.0,37.2
1400000US19029190500,"Census Tract 1905, Cass County, Iowa",651,123,32,32,49,48,51,36,0,9,0.0,41.1,0,313,,
1400000US19031450100,"Census Tract 4501, Cedar County, Iowa",480,76,36,23,75,50,98,41,0,9,0.0,38.8,0,184,,
1400000US19031450200,"Census Tract 4502, Cedar County, Iowa",746,94,21,17,28,23,102,41,0,9,0.0,50.8,0,177,,
1400000US19031450300,"Census Tract 4503, Cedar County, Iowa",811,108,33,34,41,43,63,47,0,9,0.0,40.5,0,267,,
1400000US19031450400,"Census Tract 4504, Cedar County, Iowa",690,79,27,25,39,36,109,36,0,9,0.0,44.8,0,167,,
1400000US19031450500,"Census Tract 4505, Cedar County, Iowa",1178,127,36,25,31,21,202,64,0,13,0.0,38.8,0,94,,
1400000US19033950102,"Census Tract 9501.02, Cerro Gordo County, Iowa",1048,167,75,52,72,51,147,79,0,9,0.0,23.1,0,127,,
1400000US19033950200,"Census Tract 9502, Cerro Gordo County, Iowa",1514,190,95,86,63,57,248,129,0,13,0.0,18.9,0,77,,
1400000US19033950300,"Census Tract 9503, Cerro Gordo County, Iowa",1077,205,65,51,60,46,233,94,11,20,16.9,30.8,47,90,100.0,70.1
1400000US19033950402,"Census Tract 9504.02, Cerro Gordo County, Iowa",920,142,45,50,49,54,60,39,0,9,0.0,34.1,0,277,,
1400000US19033950600,"Census Tract 9506, Cerro Gordo County, Iowa",388,56,20,14,52,39,59,28,0,9,0.0,52.0,0,281,,
1400000US19033950700,"Census Tract 9507, Cerro Gordo County, Iowa",836,124,23,23,28,28,122,68,0,9,0.0,48.5,0,151,,
1400000US19033950800,"Census Tract 9508, Cerro Gordo County, Iowa",809,115,38,34,47,41,47,36,0,9,0.0,37.7,0,331,,
1400000US19033950900,"Census Tract 9509, Cerro Gordo County, Iowa",279,67,6,9,22,35,23,21,0,9,0.0,95.0,0,485,,
1400000US19033951000,"Census Tract 9510, Cerro Gordo County, Iowa",540,63,31,21,57,40,65,29,7,12,22.6,37.7,108,176,100.0,87.9
1400000US19033951400,"Census Tract 9514, Cerro Gordo County, Iowa",891,195,28,29,31,33,292,126,0,9,0.0,44.0,0,66,,
1400000US19033951600,"Census Tract 9516, Cerro Gordo County, Iowa",1017,147,67,46,66,41,79,54,12,22,17.9,32.1,152,256,100.0,67.2
1400000US19035080100,"Census Tract 801, Cherokee County, Iowa",900,92,0,13,0,22,124,91,0,13,,,0,149,,
1400000US19035080200,"Census Tract 802, Cherokee County, Iowa",413,68,21,23,51,53,47,25,0,9,0.0,50.8,0,331,,
1400000US19035080300,"Census Tract 803, Cherokee County, Iowa",332,55,20,19,60,56,56,31,0,9,0.0,52.0,0,292,,
1400000US19035080400,"Census Tract 804, Cherokee County, Iowa",491,75,10,10,20,22,73,36,0,9,0.0,73.6,0,236,,
1400000US19037070100,"Census Tract 701, Chickasaw County, Iowa",706,79,20,16,28,22,142,36,0,9,0.0,52.0,0,131,,
1400000US19037070200,"Census Tract 702, Chickasaw County, Iowa",480,70,31,18,65,37,75,34,0,9,0.0,41.8,0,231,,
1400000US19037070300,"Census Tract 703, Chickasaw County, Iowa",521,58,91,37,175,65,59,29,12,19,13.2,18.9,203,281,100.0,67.2
1400000US19037070400,"Census Tract 704, Chickasaw County, Iowa",720,79,75,46,104,67,94,35,0,9,0.0,23.1,0,190,,
1400000US19039960100,"Census Tract 9601, Clarke County, Iowa",864,116,71,50,82,58,74,38,0,9,0.0,24.2,0,234,,
1400000US19039960200,"Census Tract 9602, Clarke County, Iowa",465,99,15,12,32,28,123,87,0,9,0.0,60.1,0,150,,
1400000US19039960300,"Census Tract 9603, Clarke County, Iowa",475,62,23,18,48,37,61,31,0,9,0.0,48.5,0,273,,
1400000US19041080100,"Census Tract 801, Clay County, Iowa",426,91,33,24,77,59,98,56,0,9,0.0,40.5,0,184,,
1400000US19041080200,"Census Tract 802, Clay County, Iowa",1085,143,53,53,49,50,129,68,0,13,0.0,30.4,0,143,,
1400000US19041080300,"Census Tract 803, Clay County, Iowa",1229,142,16,16,13,13,119,66,0,13,0.0,58.2,0,154,,
1400000US19041080400,"Census Tract 804, Clay County, Iowa",695,87,47,30,68,42,152,49,0,9,0.0,33.1,0,123,,
1400000US19043070100,"Census Tract 701, Clayton County, Iowa",529,70,20,12,38,23,53,28,0,9,0.0,52.0,0,304,,
1400000US19043070200,"Census Tract 702, Clayton County, Iowa",766,97,59,34,77,43,109,40,9,14,15.3,21.8,83,123,100.0,77.5
1400000US19043070300,"Census Tract 703, Clayton County, Iowa",565,86,22,16,39,27,93,43,2,4,9.1,17.7,22,46,100.0,100.0
1400000US19043070400,"Census Tract 704, Clayton County, Iowa",478,84,69,43,144,87,78,30,10,16,14.5,22.4,128,210,100.0,73.6
1400000US19043070500,"Census Tract 705, Clayton County, Iowa",452,63,68,36,150,76,67,29,0,9,0.0,25.1,0,254,,
1400000US19043070600,"Census Tract 706, Clayton County, Iowa",656,79,25,21,38,33,130,38,7,12,28.0,39.0,54,90,100.0,87.9
1400000US19045000100,"Census Tract 1, Clinton County, Iowa",666,139,7,14,11,20,115,58,0,9,0.0,87.9,0,159,,
1400000US19045000200,"Census Tract 2, Clinton County, Iowa",369,80,0,9,0,53,39,30,0,9,,,0,372,,
1400000US19045000300,"Census Tract 3, Clinton County, Iowa",1172,191,71,60,61,51,83,64,0,9,0.0,24.2,0,212,,
1400000US19045000400,"Census Tract 4, Clinton County, Iowa",651,142,43,38,66,57,97,59,0,9,0.0,35.1,0,185,,
1400000US19045000500,"Census Tract 5, Clinton County, Iowa",1115,202,40,47,36,45,97,42,0,9,0.0,36.7,0,185,,
1400000US19045000600,"Census Tract 6, Clinton County, Iowa",974,224,8,12,8,12,61,47,0,9,0.0,82.3,0,273,,
1400000US19045000700,"Census Tract 7, Clinton County, Iowa",682,88,40,41,59,58,55,51,0,9,0.0,36.7,0,296,,
1400000US19045000800,"Census Tract 8, Clinton County, Iowa",1042,168,54,53,52,53,171,82,0,13,0.0,30.0,0,110,,
1400000US19045000900,"Census Tract 9, Clinton County, Iowa",1539,178,124,79,81,51,302,118,0,13,0.0,14.9,0,64,,
1400000US19045001000,"Census Tract 10, Clinton County, Iowa",952,107,38,24,40,25,176,57,11,14,28.9,31.0,63,82,100.0,70.1
1400000US19045001100,"Census Tract 11, Clinton County, Iowa",523,76,17,14,33,28,75,25,0,9,0.0,56.4,0,231,,
1400000US19045001200,"Census Tract 12, Clinton County, Iowa",832,96,47,23,56,27,142,55,0,9,0.0,33.1,0,131,,
1400000US19047070100,"Census Tract 701, Crawford County, Iowa",359,61,7,7,19,20,35,16,0,9,0.0,87.9,0,393,,
1400000US19047070200,"Census Tract 702, Crawford County, Iowa",432,53,17,10,39,23,87,25,0,9,0.0,56.4,0,204,,
1400000US19047070300,"Census Tract 703, Crawford County, Iowa",464,66,51,23,110,51,45,25,1,2,2.0,4.3,22,50,100.0,100.0
1400000US19047070400,"Census Tract 704, Crawford County, Iowa",1886,141,179,100,95,53,351,109,10,13,5.6,7.8,28,38,100.0,73.6
1400000US19047070500,"Census Tract 705, Crawford County, Iowa",425,62,62,39,146,84,73,27,0,9,0.0,27.0,0,236,,
1400000US19049050100,"Census Tract 501, Dallas County, Iowa",1093,123,90,52,82,47,105,50,2,3,2.2,3.9,19,32,100.0,100.0
1400000US19049050200,"Census Tract 502, Dallas County, Iowa",856,100,45,25,53,29,148,57,0,9,0.0,34.1,0,126,,
1400000US19049050300,"Census Tract 503, Dallas County, Iowa",1178,193,105,58,89,51,173,76,0,9,0.0,17.3,0,109,,
1400000US19049050400,"Census Tract 504, Dallas County, Iowa",842,122,34,42,40,50,105,61,5,11,14.7,37.8,48,107,100.0,100.0
1400000US19049050500,"Census Tract 505, Dallas County, Iowa",361,71,6,7,17,19,81,39,0,9,0.0,95.0,0,217,,
1400000US19049050600,"Census Tract 506, Dallas County, Iowa",599,85,16,16,27,25,74,42,0,9,0.0,58.2,0,234,,
1400000US19049050700,"Census Tract 507, Dallas County, Iowa",981,133,32,27,33,28,128,61,0,9,0.0,41.1,0,144,,
1400000US19049050803,"Census Tract 508.03, Dallas County, Iowa",1766,209,79,55,45,32,183,94,0,13,0.0,22.1,0,103,,
1400000US19049050805,"Census Tract 508.05, Dallas County, Iowa",1258,238,25,20,20,17,255,102,0,13,0.0,46.5,0,75,,
1400000US19049050807,"Census Tract 508.07, Dallas County, Iowa",2099,222,349,138,166,70,119,68,0,13,0.0,5.6,0,154,,
1400000US19049050809,"Census Tract 508.09, Dallas County, Iowa",2065,256,167,93,81,44,181,161,0,13,0.0,11.3,0,105,,
1400000US19049050811,"Census Tract 508.11, Dallas County, Iowa",2825,365,92,72,33,25,240,124,0,13,0.0,19.4,0,80,,
1400000US19049050812,"Census Tract 508.12, Dallas County, Iowa",428,77,7,12,16,27,63,42,0,9,0.0,87.9,0,267,,
1400000US19049050901,"Census Tract 509.01, Dallas County, Iowa",923,135,50,45,54,51,131,67,0,9,0.0,31.7,0,141,,
1400000US19049050902,"Census Tract 509.02, Dallas County, Iowa",926,94,52,28,56,31,194,53,0,9,0.0,30.9,0,98,,
1400000US19051080100,"Census Tract 801, Davis County, Iowa",781,89,73,48,93,60,94,41,0,9,0.0,23.6,0,190,,
1400000US19051080200,"Census Tract 802, Davis County, Iowa",986,91,50,37,51,38,188,42,0,9,0.0,31.7,0,101,,
1400000US19053960100,"Census Tract 9601, Decatur County, Iowa",444,74,40,32,90,65,43,23,0,9,0.0,36.7,0,351,,
1400000US19053960200,"Census Tract 9602, Decatur County, Iowa",985,112,8,11,8,11,264,54,0,9,0.0,82.3,0,73,,
1400000US19053960300,"Census Tract 9603, Decatur County, Iowa",454,86,18,16,40,37,71,36,0,9,0.0,54.8,0,242,,
1400000US19055950100,"Census Tract 9501, Delaware County, Iowa",812,96,45,32,55,39,149,62,6,7,13.3,16.8,40,48,100.0,95.0
1400000US19055950200,"Census Tract 9502, Delaware County, Iowa",562,103,31,21,55,37,97,49,0,9,0.0,41.8,0,185,,
1400000US19055950300,"Census Tract 9503, Delaware County, Iowa",1024,169,64,50,63,51,97,75,0,13,0.0,26.3,0,185,,
1400000US19055950400,"Census Tract 9504, Delaware County, Iowa",1321,167,33,25,25,20,293,95,1,2,3.0,7.3,3,9,100.0,100.0
1400000US19057000200,"Census Tract 2, Des Moines County, Iowa",686,149,45,41,66,58,97,67,0,9,0.0,34.1,0,185,,
1400000US19057000300,"Census Tract 3, Des Moines County, Iowa",833,160,7,13,8,16,64,55,0,9,0.0,87.9,0,263,,
1400000US19057000400,"Census Tract 4, Des Moines County, Iowa",1140,175,76,77,67,65,223,98,0,9,0.0,22.9,0,86,,
1400000US19057000500,"Census Tract 5, Des Moines County, Iowa",1133,226,73,115,64,98,127,80,0,13,0.0,23.6,0,145,,
1400000US19057000600,"Census Tract 6, Des Moines County, Iowa",863,154,116,78,134,85,112,69,0,9,0.0,15.8,0,163,,
1400000US19057000700,"Census Tract 7, Des Moines County, Iowa",457,83,14,16,31,37,66,38,0,9,0.0,62.2,0,257,,
1400000US19057000800,"Census Tract 8, Des Moines County, Iowa",720,100,12,18,17,25,128,53,0,9,0.0,67.2,0,144,,
1400000US19057000900,"Census Tract 9, Des Moines County, Iowa",716,91,130,83,182,110,90,44,8,14,6.2,10.0,89,141,100.0,82.2
1400000US19057001000,"Census Tract 10, Des Moines County, Iowa",850,117,44,29,52,35,126,54,0,9,0.0,34.6,0,146,,
1400000US19057001100,"Census Tract 11, Des Moines County, Iowa",619,98,54,34,87,54,82,46,0,9,0.0,30.0,0,214,,
1400000US19057001200,"Census Tract 12, Des Moines County, Iowa",539,87,10,12,19,22,99,49,0,9,0.0,73.6,0,182,,
1400000US19059450200,"Census Tract 4502, Dickinson County, Iowa",357,51,20,19,56,56,36,23,0,9,0.0,52.0,0,388,,
1400000US19059450500,"Census Tract 4505, Dickinson County, Iowa",1028,120,28,27,27,26,127,57,0,13,0.0,44.0,0,145,,
1400000US19059450800,"Census Tract 4508, Dickinson County, Iowa",647,101,52,38,80,58,52,38,0,9,0.0,30.9,0,309,,
1400000US19059451000,"Census Tract 4510, Dickinson County, Iowa",398,80,41,37,103,88,67,36,1,3,2.4,8.7,15,40,100.0,100.0
1400000US19059451100,"Census Tract 4511, Dickinson County, Iowa",559,91,26,22,47,37,97,40,0,9,0.0,45.6,0,185,,
1400000US19061000100,"Census Tract 1, Dubuque County, Iowa",738,163,61,49,83,66,95,62,0,9,0.0,27.3,0,189,,
1400000US19061000300,"Census Tract 3, Dubuque County, Iowa",626,98,26,25,42,42,96,54,9,14,34.6,45.1,94,142,100.0,77.5
1400000US19061000400,"Census Tract 4, Dubuque County, Iowa",909,114,125,56,138,62,37,22,5,8,4.0,6.9,135,222,100.0,100.0
1400000US19061000500,"Census Tract 5, Dubuque County, Iowa",1083,219,33,33,30,31,131,92,0,9,0.0,40.5,0,141,,
1400000US19061000600,"Census Tract 6, Dubuque County, Iowa",820,208,54,37,66,50,162,148,0,9,0.0,30.0,0,116,,
1400000US19061000701,"Census Tract 7.01, Dubuque County, Iowa",1313,203,12,18,9,14,478,173,0,9,0.0,67.2,0,41,,
1400000US19061000702,"Census Tract 7.02, Dubuque County, Iowa",657,125,20,30,30,46,52,39,0,9,0.0,52.0,0,309,,
1400000US19061000801,"Census Tract 8.01, Dubuque County, Iowa",848,117,82,45,97,56,123,51,6,10,7.3,11.8,49,79,100.0,95.0
1400000US19061000802,"Census Tract 8.02, Dubuque County, Iowa",606,93,42,30,69,49,101,48,0,9,0.0,35.6,0,179,,
1400000US19061000900,"Census Tract 9, Dubuque County, Iowa",1261,194,31,23,25,18,310,100,0,9,0.0,41.8,0,62,,
1400000US19061001101,"Census Tract 11.01, Dubuque County, Iowa",724,92,15,16,21,22,100,42,0,9,0.0,60.1,0,180,,
1400000US19061001102,"Census Tract 11.02, Dubuque County, Iowa",1400,221,117,66,84,51,192,134,0,13,0.0,15.7,0,99,,
1400000US19061001201,"Census Tract 12.01, Dubuque County, Iowa",842,131,78,56,93,67,142,69,0,9,0.0,22.4,0,131,,
1400000US19061001202,"Census Tract 12.02, Dubuque County, Iowa",364,66,19,17,52,49,28,30,0,9,0.0,53.4,0,440,,
1400000US19061001204,"Census Tract 12.04, Dubuque County, Iowa",518,98,80,48,154,90,36,27,2,4,2.5,5.5,56,106,100.0,100.0
1400000US19061001205,"Census Tract 12.05, Dubuque County, Iowa",1009,177,85,44,84,44,120,71,7,11,8.2,13.3,58,91,100.0,87.9
1400000US19061010101,"Census Tract 101.01, Dubuque County, Iowa",378,88,6,9,16,23,68,55,0,9,0.0,95.0,0,251,,
1400000US19061010103,"Census Tract 101.03, Dubuque County, Iowa",671,130,22,24,33,36,47,51,0,9,0.0,49.6,0,331,,
1400000US19061010104,"Census Tract 101.04, Dubuque County, Iowa",954,136,63,43,66,45,180,70,0,9,0.0,26.7,0,105,,
1400000US19061010105,"Census Tract 101.05, Dubuque County, Iowa",870,156,32,31,37,36,131,80,6,12,18.8,38.8,46,88,100.0,95.0
1400000US19061010201,"Census Tract 102.01, Dubuque County, Iowa",1114,109,141,82,127,77,147,71,0,13,0.0,13.2,0,127,,
1400000US19061010202,"Census Tract 102.02, Dubuque County, Iowa",1020,95,64,25,63,24,162,56,5,8,7.8,11.8,31,48,100.0,100.0
1400000US19061010300,"Census Tract 103, Dubuque County, Iowa",763,98,36,25,47,33,89,41,0,9,0.0,38.8,0,200,,
1400000US19061010400,"Census Tract 104, Dubuque County, Iowa",771,87,45,23,58,30,155,59,0,9,0.0,34.1,0,121,,
1400000US19061010500,"Census Tract 105, Dubuque County, Iowa",925,106,85,56,92,64,97,48,0,9,0.0,20.8,0,185,,
1400000US19061010600,"Census Tract 106, Dubuque County, Iowa",612,136,22,19,36,33,115,59,0,9,0.0,49.6,0,159,,
1400000US19063070100,"Census Tract 701, Emmet County, Iowa",337,64,15,13,45,39,55,33,0,9,0.0,60.1,0,296,,
1400000US19063070200,"Census Tract 702, Emmet County, Iowa",370,103,8,8,22,23,96,68,0,9,0.0,82.3,0,187,,
1400000US19063070300,"Census Tract 703, Emmet County, Iowa",731,112,0,9,0,27,166,62,0,9,,,0,113,,
1400000US19063070400,"Census Tract 704, Emmet County, Iowa",631,91,22,25,35,40,81,38,0,9,0.0,49.6,0,217,,
1400000US19065080100,"Census Tract 801, Fayette County, Iowa",631,79,22,16,35,26,134,64,0,9,0.0,49.6,0,138,,
1400000US19065080200,"Census Tract 802, Fayette County, Iowa",699,144,45,26,64,41,161,81,0,9,0.0,34.1,0,117,,
1400000US19065080300,"Census Tract 803, Fayette County, Iowa",501,70,43,33,86,63,63,24,0,9,0.0,35.1,0,267,,
1400000US19065080400,"Census Tract 804, Fayette County, Iowa",713,123,99,59,139,79,112,53,0,9,0.0,18.2,0,163,,
1400000US19065080500,"Census Tract 805, Fayette County, Iowa",547,85,49,32,90,59,88,52,0,9,0.0,32.2,0,202,,
1400000US19065080600,"Census Tract 806, Fayette County, Iowa",418,60,45,26,108,59,60,30,0,9,0.0,34.1,0,277,,
1400000US19065080700,"Census Tract 807, Fayette County, Iowa",610,64,19,14,31,23,131,46,0,9,0.0,53.4,0,141,,
1400000US19067480100,"Census Tract 4801, Floyd County, Iowa",545,74,50,31,92,55,148,59,0,9,0.0,31.7,0,126,,
1400000US19067480200,"Census Tract 4802, Floyd County, Iowa",620,71,29,21,47,33,86,38,2,5,6.9,16.1,23,59,100.0,100.0
1400000US19067480300,"Census Tract 4803, Floyd County, Iowa",467,69,49,30,105,66,60,30,0,9,0.0,32.2,0,277,,
1400000US19067480400,"Census Tract 4804, Floyd County, Iowa",632,123,54,41,85,64,96,77,18,26,33.3,45.5,188,298,100.0,54.8
1400000US19067480500,"Census Tract 4805, Floyd County, Iowa",919,132,81,62,88,67,97,57,0,9,0.0,21.7,0,185,,
1400000US19069360100,"Census Tract 3601, Franklin County, Iowa",691,88,15,17,22,23,128,46,1,2,6.7,20.2,8,17,100.0,100.0
1400000US19069360200,"Census Tract 3602, Franklin County, Iowa",960,88,35,32,36,33,68,39,0,9,0.0,39.3,0,251,,
1400000US19069360300,"Census Tract 3603, Franklin County, Iowa",482,70,17,12,35,24,93,32,7,9,41.2,44.5,75,100,100.0,87.9
1400000US19071970100,"Census Tract 9701, Fremont County, Iowa",395,50,9,8,23,19,43,22,0,9,0.0,77.5,0,351,,
1400000US19071970200,"Census Tract 9702, Fremont County, Iowa",458,56,28,16,61,35,59,19,0,9,0.0,44.0,0,281,,
1400000US19071970300,"Census Tract 9703, Fremont County, Iowa",494,63,21,19,43,38,94,21,0,9,0.0,50.8,0,190,,
1400000US19073080100,"Census Tract 801, Greene County, Iowa",507,62,39,29,77,58,96,33,4,6,10.3,15.6,42,56,100.0,100.0
1400000US19073080200,"Census Tract 802, Greene County, Iowa",518,72,57,44,110,90,77,36,10,15,17.5,27.4,130,185,0.0,73.6
1400000US19073080300,"Census Tract 803, Greene County, Iowa",488,89,59,41,121,74,67,31,0,9,0.0,28.1,0,254,,
1400000US19073080500,"Census Tract 805, Greene County, Iowa",303,53,35,24,116,75,38,19,1,3,2.9,9.3,26,83,100.0,100.0
1400000US19075960100,"Census Tract 9601, Grundy County, Iowa",902,75,45,27,50,29,132,47,3,5,6.7,11.6,23,38,100.0,100.0
1400000US19075960200,"Census Tract 9602, Grundy County, Iowa",688,75,83,39,121,52,153,56,11,12,13.3,14.0,72,77,100.0,70.1
1400000US19075960300,"Census Tract 9603, Grundy County, Iowa",551,66,48,37,87,67,77,42,0,9,0.0,32.7,0,226,,
1400000US19075960400,"Census Tract 9604, Grundy County, Iowa",355,51,9,8,25,23,34,18,0,9,0.0,77.5,0,399,,
1400000US19077950100,"Census Tract 9501, Guthrie County, Iowa",749,71,42,30,56,40,156,42,0,9,0.0,35.6,0,120,,
1400000US19077950200,"Census Tract 9502, Guthrie County, Iowa",460,59,38,22,83,49,74,28,0,9,0.0,37.7,0,234,,
1400000US19077950300,"Census Tract 9503, Guthrie County, Iowa",826,73,30,18,36,23,99,33,0,9,0.0,42.5,0,182,,
1400000US19079960100,"Census Tract 9601, Hamilton County, Iowa",357,51,14,13,39,35,42,19,1,4,7.1,27.1,24,86,0.0,100.0
1400000US19079960200,"Census Tract 9602, Hamilton County, Iowa",696,83,54,57,78,78,90,41,0,9,0.0,30.0,0,198,,
1400000US19079960300,"Census Tract 9603, Hamilton County, Iowa",706,132,0,9,0,28,118,50,0,9,,,0,155,,
1400000US19079960400,"Census Tract 9604, Hamilton County, Iowa",984,143,32,39,33,40,152,100,0,9,0.0,41.1,0,123,,
1400000US19079960500,"Census Tract 9605, Hamilton County, Iowa",366,56,15,16,41,43,57,27,0,9,0.0,60.1,0,288,,
1400000US19081270100,"Census Tract 2701, Hancock County, Iowa",694,84,41,22,59,33,167,46,0,9,0.0,36.1,0,113,,
1400000US19081270200,"Census Tract 2702, Hancock County, Iowa",455,76,32,28,70,61,34,22,0,9,0.0,41.1,0,399,,
1400000US19081270300,"Census Tract 2703, Hancock County, Iowa",495,78,16,12,32,25,88,37,0,9,0.0,58.2,0,202,,
1400000US19081270400,"Census Tract 2704, Hancock County, Iowa",430,50,9,7,21,17,38,20,0,9,0.0,77.5,0,377,,
1400000US19083480100,"Census Tract 4801, Hardin County, Iowa",471,81,32,18,68,39,44,20,0,9,0.0,41.1,0,346,,
1400000US19083480200,"Census Tract 4802, Hardin County, Iowa",376,92,28,38,74,103,0,9,0,9,0.0,44.0,,,,
1400000US19083480300,"Census Tract 4803, Hardin County, Iowa",775,121,31,35,40,46,153,75,0,9,0.0,41.8,0,122,,
1400000US19083480400,"Census Tract 4804, Hardin County, Iowa",559,74,22,15,39,29,56,33,0,9,0.0,49.6,0,292,,
1400000US19083480500,"Census Tract 4805, Hardin County, Iowa",526,68,14,9,27,18,107,39,3,5,21.4,30.8,28,48,100.0,100.0
1400000US19083480600,"Census Tract 4806, Hardin County, Iowa",647,110,43,36,66,58,169,70,0,9,0.0,35.1,0,111,,
1400000US19085290100,"Census Tract 2901, Harrison County, Iowa",512,52,17,11,33,22,108,32,0,9,0.0,56.4,0,168,,
1400000US19085290200,"Census Tract 2902, Harrison County, Iowa",654,57,20,13,31,20,83,32,0,9,0.0,52.0,0,212,,
1400000US19085290300,"Census Tract 2903, Harrison County, Iowa",662,69,11,10,17,15,92,30,0,9,0.0,70.1,0,194,,
1400000US19085290400,"Census Tract 2904, Harrison County, Iowa",775,76,40,28,52,37,100,37,0,9,0.0,36.7,0,180,,
1400000US19085290500,"Census Tract 2905, Harrison County, Iowa",467,67,1,3,2,7,90,43,0,9,0.0,100.0,0,198,,
1400000US19087970100,"Census Tract 9701, Henry County, Iowa",824,113,22,17,27,21,126,50,0,9,0.0,49.6,0,146,,
1400000US19087970200,"Census Tract 9702, Henry County, Iowa",602,93,35,24,58,38,63,43,8,12,22.9,31.3,127,186,100.0,82.2
1400000US19087970300,"Census Tract 9703, Henry County, Iowa",999,150,62,44,62,43,198,97,0,9,0.0,27.0,0,96,,
1400000US19087970400,"Census Tract 9704, Henry County, Iowa",1103,161,18,19,16,18,190,98,0,13,0.0,54.8,0,100,,
1400000US19087970500,"Census Tract 9705, Henry County, Iowa",706,86,33,18,47,26,82,38,0,9,0.0,40.5,0,214,,
1400000US19089960100,"Census Tract 9601, Howard County, Iowa",777,76,15,18,19,23,90,34,0,9,0.0,60.1,0,198,,
1400000US19089960200,"Census Tract 9602, Howard County, Iowa",551,81,44,25,80,46,79,33,0,9,0.0,34.6,0,221,,
1400000US19089960300,"Census Tract 9603, Howard County, Iowa",497,64,25,17,50,35,101,40,0,9,0.0,46.5,0,179,,
1400000US19091970100,"Census Tract 9701, Humboldt County, Iowa",500,57,20,16,40,32,91,39,0,9,0.0,52.0,0,196,,
1400000US19091970200,"Census Tract 9702, Humboldt County, Iowa",299,52,14,10,47,34,46,33,0,9,0.0,62.2,0,336,,
1400000US19091970300,"Census Tract 9703, Humboldt County, Iowa",652,82,31,28,48,43,97,64,0,9,0.0,41.8,0,185,,
1400000US19091970400,"Census Tract 9704, Humboldt County, Iowa",388,63,19,28,49,72,31,26,0,9,0.0,53.4,0,418,,
1400000US19093090100,"Census Tract 901, Ida County, Iowa",529,55,41,22,78,40,79,28,0,9,0.0,36.1,0,221,,
1400000US19093090200,"Census Tract 902, Ida County, Iowa",401,60,18,13,45,33,77,33,0,9,0.0,54.8,0,226,,
1400000US19093090300,"Census Tract 903, Ida County, Iowa",377,60,68,36,180,95,40,20,0,9,0.0,25.1,0,367,,
1400000US19095960100,"Census Tract 9601, Iowa County, Iowa",671,106,31,35,46,53,126,58,0,9,0.0,41.8,0,146,,
1400000US19095960200,"Census Tract 9602, Iowa County, Iowa",825,81,38,24,46,29,130,56,0,9,0.0,37.7,0,142,,
1400000US19095960300,"Census Tract 9603, Iowa County, Iowa",661,81,55,29,83,45,76,36,0,9,0.0,29.6,0,229,,
1400000US19095960400,"Census Tract 9604, Iowa County, Iowa",1279,165,94,58,73,47,239,78,11,18,11.7,18.2,46,78,100.0,70.1
1400000US19097950100,"Census Tract 9501, Jackson County, Iowa",478,94,4,6,8,12,102,59,0,9,0.0,100.0,0,177,,
1400000US19097950200,"Census Tract 9502, Jackson County, Iowa",758,88,49,24,65,30,121,48,1,3,2.0,6.3,8,23,100.0,100.0
1400000US19097950300,"Census Tract 9503, Jackson County, Iowa",705,66,1,2,1,3,95,35,0,9,0.0,100.0,0,189,,
1400000US19097950400,"Census Tract 9504, Jackson County, Iowa",688,86,37,24,54,34,96,49,0,9,0.0,38.2,0,187,,
1400000US19097950500,"Census Tract 9505, Jackson County, Iowa",903,102,145,76,161,83,128,58,2,5,1.4,4.4,16,44,100.0,100.0
1400000US19097950600,"Census Tract 9506, Jackson County, Iowa",476,90,17,17,36,36,60,42,0,9,0.0,56.4,0,277,,
1400000US19099040100,"Census Tract 401, Jasper County, Iowa",830,110,46,41,55,51,88,40,12,14,26.1,39.2,136,164,100.0,67.2
1400000US19099040200,"Census Tract 402, Jasper County, Iowa",633,99,45,26,71,42,90,51,5,6,11.1,14.1,56,63,100.0,100.0
1400000US19099040300,"Census Tract 403, Jasper County, Iowa",466,97,11,10,24,21,70,60,0,9,0.0,70.1,0,245,,
1400000US19099040400,"Census Tract 404, Jasper County, Iowa",964,184,16,27,17,27,178,89,0,9,0.0,58.2,0,106,,
1400000US19099040500,"Census Tract 405, Jasper County, Iowa",1262,217,82,82,65,67,179,85,0,13,0.0,21.4,0,106,,
1400000US19099040600,"Census Tract 406, Jasper County, Iowa",651,120,61,51,94,77,10,18,0,9,0.0,27.3,0,736,,
1400000US19099040700,"Census Tract 407, Jasper County, Iowa",1100,131,48,27,44,25,187,72,0,13,0.0,32.7,0,101,,
1400000US19099040800,"Census Tract 408, Jasper County, Iowa",847,115,125,51,148,61,136,57,24,35,19.2,26.4,176,223,100.0,47.5
1400000US19099040900,"Census Tract 409, Jasper County, Iowa",622,92,44,22,71,34,95,42,0,9,0.0,34.6,0,189,,
1400000US19101090100,"Census Tract 901, Jefferson County, Iowa",541,88,31,30,57,54,78,46,2,4,6.5,18.6,26,59,100.0,100.0
1400000US19101090200,"Census Tract 902, Jefferson County, Iowa",627,95,25,19,40,30,88,45,0,9,0.0,46.5,0,202,,
1400000US19101090300,"Census Tract 903, Jefferson County, Iowa",1184,280,12,19,10,17,186,96,0,13,0.0,67.2,0,102,,
1400000US19101090400,"Census Tract 904, Jefferson County, Iowa",954,237,0,9,0,21,146,97,0,9,,,0,128,,
1400000US19103000100,"Census Tract 1, Johnson County, Iowa",2025,365,108,117,53,54,514,242,0,13,0.0,16.8,0,38,,
1400000US19103000200,"Census Tract 2, Johnson County, Iowa",901,150,104,55,115,59,23,21,0,9,0.0,17.4,0,485,,
1400000US19103000301,"Census Tract 3.01, Johnson County, Iowa",2498,282,95,59,38,24,278,109,0,13,0.0,18.9,0,69,,
1400000US19103000302,"Census Tract 3.02, Johnson County, Iowa",1783,211,108,60,61,35,126,94,0,13,0.0,16.8,0,146,,
1400000US19103000400,"Census Tract 4, Johnson County, Iowa",1857,233,125,80,67,43,157,107,0,13,0.0,14.7,0,119,,
1400000US19103000500,"Census Tract 5, Johnson County, Iowa",2436,313,60,37,25,15,172,91,0,13,0.0,27.7,0,110,,
1400000US19103000600,"Census Tract 6, Johnson County, Iowa",1061,192,18,20,17,19,40,42,0,9,0.0,54.8,0,367,,
1400000US19103001100,"Census Tract 11, Johnson County, Iowa",1786,236,18,10,10,6,414,100,0,9,0.0,54.8,0,47,,
1400000US19103001200,"Census Tract 12, Johnson County, Iowa",544,87,17,18,31,33,46,27,0,9,0.0,56.4,0,336,,
1400000US19103001300,"Census Tract 13, Johnson County, Iowa",597,99,19,23,32,38,121,57,0,9,0.0,53.4,0,152,,
1400000US19103001400,"Census Tract 14, Johnson County, Iowa",1068,189,43,36,40,33,89,63,0,9,0.0,35.1,0,200,,
1400000US19103001500,"Census Tract 15, Johnson County, Iowa",634,128,48,39,76,63,60,41,0,9,0.0,32.7,0,277,,
1400000US19103001600,"Census Tract 16, Johnson County, Iowa",2869,545,0,13,0,7,365,127,0,13,,,0,53,,
1400000US19103001700,"Census Tract 17, Johnson County, Iowa",1028,218,6,9,6,9,42,28,0,9,0.0,95.0,0,356,,
1400000US19103001801,"Census Tract 18.01, Johnson County, Iowa",1421,265,119,83,84,62,128,112,0,13,0.0,15.4,0,144,,
1400000US19103001802,"Census Tract 18.02, Johnson County, Iowa",1161,132,68,46,59,39,158,63,0,9,0.0,25.1,0,119,,
1400000US19103002100,"Census Tract 21, Johnson County, Iowa",2002,272,0,9,0,10,1076,188,0,9,,,0,18,,
1400000US19103002300,"Census Tract 23, Johnson County, Iowa",2011,258,9,14,4,7,988,129,0,9,0.0,77.5,0,20,,
1400000US19103010100,"Census Tract 101, Johnson County, Iowa",1565,207,79,49,50,33,275,84,9,14,11.4,17.3,33,48,100.0,77.5
1400000US19103010200,"Census Tract 102, Johnson County, Iowa",977,116,58,29,59,30,141,53,7,10,12.1,17.1,50,68,100.0,87.9
1400000US19103010301,"Census Tract 103.01, Johnson County, Iowa",3185,389,155,63,49,22,94,44,0,15,0.0,12.1,0,190,,
1400000US19103010302,"Census Tract 103.02, Johnson County, Iowa",3291,364,271,137,82,43,329,168,0,15,0.0,7.1,0,59,,
1400000US19103010400,"Census Tract 104, Johnson County, Iowa",1616,239,127,73,79,47,252,109,13,19,10.2,14.1,52,70,100.0,64.5
1400000US19103010500,"Census Tract 105, Johnson County, Iowa",1552,181,83,51,53,32,122,79,0,13,0.0,21.2,0,151,,
1400000US19105070100,"Census Tract 701, Jones County, Iowa",1041,104,49,40,47,40,174,68,0,9,0.0,32.2,0,108,,
1400000US19105070300,"Census Tract 703, Jones County, Iowa",704,122,51,48,72,69,154,68,0,9,0.0,31.3,0,122,,
1400000US19105070400,"Census Tract 704, Jones County, Iowa",921,109,38,48,41,51,110,62,0,9,0.0,37.7,0,166,,
1400000US19105070500,"Census Tract 705, Jones County, Iowa",532,78,61,36,115,62,99,38,3,5,4.9,8.8,30,46,100.0,100.0
1400000US19105070600,"Census Tract 706, Jones County, Iowa",902,92,68,42,75,47,91,38,0,9,0.0,25.1,0,196,,
1400000US19107080100,"Census Tract 801, Keokuk County, Iowa",392,54,31,17,79,45,48,23,0,9,0.0,41.8,0,327,,
1400000US19107080200,"Census Tract 802, Keokuk County, Iowa",500,55,24,15,48,30,71,22,0,9,0.0,47.5,0,242,,
1400000US19107080300,"Census Tract 803, Keokuk County, Iowa",552,85,27,18,49,34,70,30,0,9,0.0,44.8,0,245,,
1400000US19107080400,"Census Tract 804, Keokuk County, Iowa",564,78,28,19,50,34,143,37,15,18,53.6,43.3,105,128,100.0,60.1
1400000US19109950100,"Census Tract 9501, Kossuth County, Iowa",442,70,15,17,34,38,69,35,0,9,0.0,60.1,0,248,,
1400000US19109950200,"Census Tract 9502, Kossuth County, Iowa",453,72,31,18,68,39,66,34,0,9,0.0,41.8,0,257,,
1400000US19109950300,"Census Tract 9503, Kossuth County, Iowa",453,77,33,16,73,34,88,51,7,9,21.2,25.1,80,99,100.0,87.9
1400000US19109950400,"Census Tract 9504, Kossuth County, Iowa",576,80,0,9,0,34,118,44,0,9,,,0,155,,
1400000US19109950500,"Census Tract 9505, Kossuth County, Iowa",544,77,55,39,101,71,73,40,0,9,0.0,29.6,0,236,,
1400000US19109950600,"Census Tract 9506, Kossuth County, Iowa",447,61,24,15,54,33,99,28,0,9,0.0,47.5,0,182,,
1400000US19111490100,"Census Tract 4901, Lee County, Iowa",920,125,28,27,30,30,122,62,0,9,0.0,44.0,0,151,,
1400000US19111490200,"Census Tract 4902, Lee County, Iowa",879,224,20,23,23,28,230,121,0,9,0.0,52.0,0,83,,
1400000US19111490300,"Census Tract 4903, Lee County, Iowa",370,79,38,34,103,94,36,28,0,9,0.0,37.7,0,388,,
1400000US19111490400,"Census Tract 4904, Lee County, Iowa",570,82,25,20,44,36,98,37,3,5,12.0,20.7,31,47,100.0,100.0
1400000US19111490500,"Census Tract 4905, Lee County, Iowa",762,96,53,27,70,35,104,53,19,22,35.8,39.1,183,186,100.0,53.4
1400000US19111490600,"Census Tract 4906, Lee County, Iowa",690,114,20,20,29,29,137,47,13,17,65.0,56.4,95,124,100.0,64.5
1400000US19111490700,"Census Tract 4907, Lee County, Iowa",904,123,38,30,42,34,57,40,0,9,0.0,37.7,0,288,,
1400000US19111490800,"Census Tract 4908, Lee County, Iowa",346,110,77,57,223,142,18,23,8,13,10.4,20.3,444,556,100.0,82.2
1400000US19111490900,"Census Tract 4909, Lee County, Iowa",568,120,15,15,26,27,91,62,7,10,46.7,53.3,77,120,0.0,87.9
1400000US19111491000,"Census Tract 4910, Lee County, Iowa",508,78,37,24,73,47,50,26,0,9,0.0,38.2,0,317,,
1400000US19111491100,"Census Tract 4911, Lee County, Iowa",776,165,13,17,17,23,137,68,0,9,0.0,64.5,0,136,,
1400000US19113000100,"Census Tract 1, Linn County, Iowa",2694,282,152,89,56,32,374,163,21,31,13.8,19.7,56,82,100.0,50.8
1400000US19113000201,"Census Tract 2.01, Linn County, Iowa",1175,149,36,35,31,29,148,83,0,13,0.0,38.8,0,126,,
1400000US19113000203,"Census Tract 2.03, Linn County, Iowa",1894,204,212,97,112,52,328,117,0,13,0.0,9.0,0,59,,
1400000US19113000205,"Census Tract 2.05, Linn County, Iowa",1001,137,56,39,56,39,120,54,0,9,0.0,29.2,0,153,,
1400000US19113000206,"Census Tract 2.06, Linn County, Iowa",1758,215,70,44,40,25,324,108,0,13,0.0,24.5,0,60,,
1400000US19113000207,"Census Tract 2.07, Linn County, Iowa",1375,179,95,55,69,39,90,68,0,13,0.0,18.9,0,198,,
1400000US19113000300,"Census Tract 3, Linn County, Iowa",1216,182,13,21,11,18,129,73,0,13,0.0,64.5,0,143,,
1400000US19113000400,"Census Tract 4, Linn County, Iowa",1060,159,71,56,67,49,104,81,0,13,0.0,24.2,0,174,,
1400000US19113000500,"Census Tract 5, Linn County, Iowa",1624,256,81,72,50,46,151,103,0,13,0.0,21.7,0,124,,
1400000US19113000600,"Census Tract 6, Linn County, Iowa",665,102,11,18,17,27,11,17,0,9,0.0,70.1,0,701,,
1400000US19113000700,"Census Tract 7, Linn County, Iowa",564,114,7,11,12,19,49,43,0,9,0.0,87.9,0,322,,
1400000US19113000800,"Census Tract 8, Linn County, Iowa",1289,184,26,33,20,25,100,69,0,9,0.0,45.6,0,180,,
1400000US19113000901,"Census Tract 9.01, Linn County, Iowa",1414,179,60,52,42,37,240,139,0,13,0.0,27.7,0,80,,
1400000US19113000902,"Census Tract 9.02, Linn County, Iowa",1414,179,36,34,25,25,320,96,0,13,0.0,38.8,0,61,,
1400000US19113001001,"Census Tract 10.01, Linn County, Iowa",1139,118,60,43,53,40,103,49,0,9,0.0,27.7,0,176,,
1400000US19113001002,"Census Tract 10.02, Linn County, Iowa",751,129,37,31,49,40,101,68,0,9,0.0,38.2,0,179,,
1400000US19113001003,"Census Tract 10.03, Linn County, Iowa",1602,259,172,99,107,67,140,87,11,18,6.4,11.4,79,137,100.0,70.1
1400000US19113001101,"Census Tract 11.01, Linn County, Iowa",838,149,48,52,57,60,56,48,0,9,0.0,32.7,0,292,,
1400000US19113001102,"Census Tract 11.02, Linn County, Iowa",862,148,16,17,19,21,76,85,0,9,0.0,58.2,0,229,,
1400000US19113001200,"Census Tract 12, Linn County, Iowa",371,89,18,17,49,43,22,25,0,9,0.0,54.8,0,496,,
1400000US19113001300,"Census Tract 13, Linn County, Iowa",1003,181,20,21,20,22,175,89,0,9,0.0,52.0,0,108,,
1400000US19113001400,"Census Tract 14, Linn County, Iowa",854,142,114,52,133,63,61,49,18,24,15.8,20.2,295,415,100.0,54.8
1400000US19113001500,"Census Tract 15, Linn County, Iowa",474,86,0,9,0,41,70,37,0,9,,,0,245,,
1400000US19113001600,"Census Tract 16, Linn County, Iowa",1227,153,126,77,103,62,178,79,0,13,0.0,14.6,0,106,,
1400000US19113001700,"Census Tract 17, Linn County, Iowa",1334,184,233,150,175,105,61,60,0,13,0.0,8.2,0,273,,
1400000US19113001800,"Census Tract 18, Linn County, Iowa",987,182,231,103,234,94,130,78,22,27,9.5,10.1,169,187,100.0,49.6
1400000US19113001900,"Census Tract 19, Linn County, Iowa",973,235,18,19,18,19,363,171,14,17,77.8,40.2,39,49,100.0,62.2
1400000US19113002200,"Census Tract 22, Linn County, Iowa",449,91,82,59,183,120,22,22,0,9,0.0,21.4,0,496,,
1400000US19113002300,"Census Tract 23, Linn County, Iowa",873,133,10,18,11,21,72,51,0,9,0.0,73.6,0,239,,
1400000US19113002400,"Census Tract 24, Linn County, Iowa",1187,160,123,82,104,71,154,102,0,9,0.0,15.0,0,122,,
1400000US19113002500,"Census Tract 25, Linn County, Iowa",874,193,14,16,16,19,120,106,0,9,0.0,62.2,0,153,,
1400000US19113002600,"Census Tract 26, Linn County, Iowa",617,84,30,33,49,57,56,57,0,9,0.0,42.5,0,292,,
1400000US19113002700,"Census Tract 27, Linn County, Iowa",310,97,11,12,35,38,15,18,0,9,0.0,70.1,0,601,,
1400000US19113002800,"Census Tract 28, Linn County, Iowa",895,152,71,47,79,53,114,47,6,10,8.5,14.6,53,86,100.0,95.0
1400000US19113002900,"Census Tract 29, Linn County, Iowa",1405,179,54,45,38,33,216,103,0,13,0.0,30.0,0,88,,
1400000US19113003001,"Census Tract 30.01, Linn County, Iowa",2417,304,222,141,92,59,259,117,14,21,6.3,9.9,54,87,100.0,62.2
1400000US19113003002,"Census Tract 30.02, Linn County, Iowa",2290,321,105,102,46,45,543,185,0,13,0.0,17.3,0,36,,
1400000US19113010100,"Census Tract 101, Linn County, Iowa",616,99,46,21,75,37,97,51,6,8,13.0,16.1,62,86,100.0,95.0
1400000US19113010200,"Census Tract 102, Linn County, Iowa",1151,144,95,56,83,47,168,90,1,3,1.1,3.5,6,20,100.0,100.0
1400000US19113010300,"Census Tract 103, Linn County, Iowa",879,104,40,26,46,31,158,68,0,9,0.0,36.7,0,119,,
1400000US19113010400,"Census Tract 104, Linn County, Iowa",670,113,28,21,42,31,124,61,0,9,0.0,44.0,0,149,,
1400000US19113010500,"Census Tract 105, Linn County, Iowa",782,109,61,44,78,56,78,40,0,9,0.0,27.3,0,224,,
1400000US19113010600,"Census Tract 106, Linn County, Iowa",1434,164,44,32,31,22,215,93,0,13,0.0,34.6,0,89,,
1400000US19113010700,"Census Tract 107, Linn County, Iowa",1378,151,102,51,74,36,216,81,0,13,0.0,17.7,0,88,,
1400000US19113010800,"Census Tract 108, Linn County, Iowa",1811,224,65,47,36,26,497,122,9,14,13.8,21.8,18,27,100.0,77.5
1400000US19115450100,"Census Tract 4501, Louisa County, Iowa",610,107,24,17,39,30,77,38,1,3,4.2,14.6,13,47,100.0,100.0
1400000US19115450200,"Census Tract 4502, Louisa County, Iowa",935,89,61,36,65,38,171,40,6,7,9.8,12.3,35,41,33.3,63.3
1400000US19115450300,"Census Tract 4503, Louisa County, Iowa",844,99,72,40,85,46,160,48,9,12,12.5,16.8,56,75,100.0,77.5
1400000US19117950100,"Census Tract 9501, Lucas County, Iowa",336,40,20,17,60,49,60,23,0,9,0.0,52.0,0,277,,
1400000US19117950200,"Census Tract 9502, Lucas County, Iowa",484,62,24,25,50,51,91,37,0,9,0.0,47.5,0,196,,
1400000US19117950300,"Census Tract 9503, Lucas County, Iowa",368,73,9,10,24,29,48,33,0,9,0.0,77.5,0,327,,
1400000US19117950400,"Census Tract 9504, Lucas County, Iowa",537,82,12,21,22,38,100,52,0,9,0.0,67.2,0,180,,
1400000US19119950100,"Census Tract 9501, Lyon County, Iowa",607,84,38,17,63,30,104,36,1,2,2.6,5.6,10,19,100.0,100.0
1400000US19119950200,"Census Tract 9502, Lyon County, Iowa",624,72,37,27,59,42,53,31,0,9,0.0,38.2,0,304,,
1400000US19119950300,"Census Tract 9503, Lyon County, Iowa",1090,90,78,36,72,32,189,43,0,13,0.0,22.4,0,100,,
1400000US19121060100,"Census Tract 601, Madison County, Iowa",1487,133,68,43,46,28,201,60,5,10,7.4,16.0,25,53,100.0,100.0
1400000US19121060200,"Census Tract 602, Madison County, Iowa",1058,141,86,83,81,78,160,78,0,13,0.0,20.6,0,117,,
1400000US19121060300,"Census Tract 603, Madison County, Iowa",779,126,42,32,54,41,126,55,0,9,0.0,35.6,0,146,,
1400000US19123950100,"Census Tract 9501, Mahaska County, Iowa",617,64,16,12,26,19,68,25,0,9,0.0,58.2,0,251,,
1400000US19123950200,"Census Tract 9502, Mahaska County, Iowa",876,124,49,34,56,40,207,80,0,9,0.0,32.2,0,92,,
1400000US19123950300,"Census Tract 9503, Mahaska County, Iowa",626,107,30,26,48,41,58,30,0,9,0.0,42.5,0,284,,
1400000US19123950400,"Census Tract 9504, Mahaska County, Iowa",584,108,46,44,79,74,100,54,0,9,0.0,33.6,0,180,,
1400000US19123950500,"Census Tract 9505, Mahaska County, Iowa",779,113,36,41,46,50,114,60,0,9,0.0,38.8,0,160,,
1400000US19123950600,"Census Tract 9506, Mahaska County, Iowa",727,127,68,61,94,81,99,41,0,9,0.0,25.1,0,182,,
1400000US19123950700,"Census Tract 9507, Mahaska County, Iowa",634,150,15,23,24,37,90,60,0,9,0.0,60.1,0,198,,
1400000US19125030100,"Census Tract 301, Marion County, Iowa",1593,168,68,59,43,35,297,84,34,46,50.0,45.2,114,143,100.0,39.9
1400000US19125030200,"Census Tract 302, Marion County, Iowa",1297,170,93,52,72,41,211,80,0,13,0.0,19.2,0,90,,
1400000US19125030300,"Census Tract 303, Marion County, Iowa",978,137,15,14,15,14,315,103,0,9,0.0,60.1,0,61,,
1400000US19125030401,"Census Tract 304.01, Marion County, Iowa",851,117,7,12,8,14,130,65,0,9,0.0,87.9,0,142,,
1400000US19125030402,"Census Tract 304.02, Marion County, Iowa",848,158,41,37,48,44,103,73,0,9,0.0,36.1,0,176,,
1400000US19125030500,"Census Tract 305, Marion County, Iowa",523,85,7,10,13,19,56,38,0,9,0.0,87.9,0,292,,
1400000US19125030600,"Census Tract 306, Marion County, Iowa",661,100,38,27,57,44,58,31,0,9,0.0,37.7,0,284,,
1400000US19125030700,"Census Tract 307, Marion County, Iowa",610,92,42,31,69,51,87,37,0,9,0.0,35.6,0,204,,
1400000US19127950100,"Census Tract 9501, Marshall County, Iowa",474,59,17,18,36,38,85,37,0,9,0.0,56.4,0,208,,
1400000US19127950200,"Census Tract 9502, Marshall County, Iowa",685,101,12,9,18,14,88,40,0,9,0.0,67.2,0,202,,
1400000US19127950300,"Census Tract 9503, Marshall County, Iowa",753,90,17,12,23,16,116,49,0,9,0.0,56.4,0,158,,
1400000US19127950400,"Census Tract 9504, Marshall County, Iowa",538,75,25,17,46,32,83,41,0,9,0.0,46.5,0,212,,
1400000US19127950500,"Census Tract 9505, Marshall County, Iowa",1121,136,86,51,77,45,111,60,9,14,10.5,15.9,81,145,100.0,77.5
1400000US19127950600,"Census Tract 9506, Marshall County, Iowa",1072,154,140,85,131,79,188,69,0,9,0.0,13.3,0,101,,
1400000US19127950700,"Census Tract 9507, Marshall County, Iowa",859,117,38,31,44,37,109,55,15,21,39.5,42.2,138,189,100.0,60.1
1400000US19127950800,"Census Tract 9508, Marshall County, Iowa",1336,195,93,67,70,52,203,96,0,13,0.0,19.2,0,94,,
1400000US19127950900,"Census Tract 9509, Marshall County, Iowa",758,149,108,71,142,85,73,67,0,9,0.0,16.8,0,236,,
1400000US19127951000,"Census Tract 9510, Marshall County, Iowa",942,149,57,44,61,46,161,83,0,9,0.0,28.8,0,117,,
1400000US19129040100,"Census Tract 401, Mills County, Iowa",564,75,35,29,62,50,56,24,0,9,0.0,39.3,0,292,,
1400000US19129040201,"Census Tract 402.01, Mills County, Iowa",429,82,16,13,37,31,45,30,0,9,0.0,58.2,0,341,,
1400000US19129040202,"Census Tract 402.02, Mills County, Iowa",742,110,23,25,31,34,134,54,0,9,0.0,48.5,0,138,,
1400000US19129040301,"Census Tract 403.01, Mills County, Iowa",638,108,14,23,22,35,86,47,0,9,0.0,62.2,0,206,,
1400000US19129040302,"Census Tract 403.02, Mills County, Iowa",861,112,19,22,22,25,219,55,0,9,0.0,53.4,0,87,,
1400000US19131560100,"Census Tract 5601, Mitchell County, Iowa",663,73,55,26,83,39,149,46,0,9,0.0,29.6,0,125,,
1400000US19131560200,"Census Tract 5602, Mitchell County, Iowa",685,78,56,33,82,49,85,43,0,9,0.0,29.2,0,208,,
1400000US19131560300,"Census Tract 5603, Mitchell County, Iowa",723,78,43,35,59,49,129,46,0,9,0.0,35.1,0,143,,
1400000US19133960100,"Census Tract 9601, Monona County, Iowa",384,51,7,8,18,21,68,23,0,9,0.0,87.9,0,251,,
1400000US19133960200,"Census Tract 9602, Monona County, Iowa",393,62,6,7,15,17,82,32,0,9,0.0,95.0,0,214,,
1400000US19133960300,"Census Tract 9603, Monona County, Iowa",518,68,67,49,129,95,64,32,0,9,0.0,25.4,0,263,,
1400000US19133960400,"Census Tract 9604, Monona County, Iowa",325,64,14,15,43,46,41,23,0,9,0.0,62.2,0,361,,
1400000US19135070100,"Census Tract 701, Monroe County, Iowa",614,129,48,38,78,59,140,85,0,9,0.0,32.7,0,133,,
1400000US19135070200,"Census Tract 702, Monroe County, Iowa",525,100,22,29,42,56,66,56,14,23,63.6,59.1,212,366,100.0,62.2
1400000US19135070300,"Census Tract 703, Monroe County, Iowa",500,121,16,14,32,29,73,48,3,4,18.8,28.2,41,62,0.0,100.0
1400000US19137960100,"Census Tract 9601, Montgomery County, Iowa",372,65,8,12,22,34,56,25,0,9,0.0,82.3,0,292,,
1400000US19137960200,"Census Tract 9602, Montgomery County, Iowa",442,64,33,21,75,50,47,26,0,9,0.0,40.5,0,331,,
1400000US19137960300,"Census Tract 9603, Montgomery County, Iowa",780,100,53,38,68,48,138,44,12,17,22.6,31.6,87,121,100.0,67.2
1400000US19137960400,"Census Tract 9604, Montgomery County, Iowa",569,48,23,16,40,29,112,33,11,13,47.8,35.8,98,117,100.0,70.1
1400000US19139050100,"Census Tract 501, Muscatine County, Iowa",546,88,5,8,9,15,51,32,0,9,0.0,100.0,0,313,,
1400000US19139050200,"Census Tract 502, Muscatine County, Iowa",1157,129,36,37,31,32,180,69,0,13,0.0,38.8,0,105,,
1400000US19139050300,"Census Tract 503, Muscatine County, Iowa",1257,138,64,44,51,36,195,79,0,13,0.0,26.3,0,97,,
1400000US19139050400,"Census Tract 504, Muscatine County, Iowa",919,133,27,19,29,21,231,91,0,9,0.0,44.8,0,83,,
1400000US19139050500,"Census Tract 505, Muscatine County, Iowa",1001,148,14,18,14,18,193,102,0,9,0.0,62.2,0,98,,
1400000US19139050600,"Census Tract 506, Muscatine County, Iowa",787,150,76,45,97,53,90,58,0,13,0.0,22.9,0,198,,
1400000US19139050700,"Census Tract 507, Muscatine County, Iowa",1285,179,151,107,118,84,97,83,0,13,0.0,12.4,0,185,,
1400000US19139050800,"Census Tract 508, Muscatine County, Iowa",1043,206,110,79,105,73,154,105,0,9,0.0,16.6,0,122,,
1400000US19139050900,"Census Tract 509, Muscatine County, Iowa",720,196,42,34,58,50,133,114,0,9,0.0,35.6,0,139,,
1400000US19139051000,"Census Tract 510, Muscatine County, Iowa",805,130,23,21,29,26,101,66,0,9,0.0,48.5,0,179,,
1400000US19141490100,"Census Tract 4901, O'Brien County, Iowa",529,56,14,13,26,25,98,37,0,9,0.0,62.2,0,184,,
1400000US19141490200,"Census Tract 4902, O'Brien County, Iowa",598,61,59,32,99,53,63,27,3,8,5.1,14.4,48,108,100.0,100.0
1400000US19141490300,"Census Tract 4903, O'Brien County, Iowa",1124,115,59,64,52,55,195,68,0,13,0.0,28.1,0,97,,
1400000US19141490400,"Census Tract 4904, O'Brien County, Iowa",476,56,25,19,53,41,63,38,0,9,0.0,46.5,0,267,,
1400000US19143460100,"Census Tract 4601, Osceola County, Iowa",650,56,53,35,82,52,85,33,0,9,0.0,30.4,0,208,,
1400000US19143460200,"Census Tract 4602, Osceola County, Iowa",597,53,39,25,65,44,72,23,0,9,0.0,37.2,0,239,,
1400000US19145490100,"Census Tract 4901, Page County, Iowa",555,78,21,19,38,34,78,33,0,9,0.0,50.8,0,224,,
1400000US19145490200,"Census Tract 4902, Page County, Iowa",544,112,86,46,158,84,61,45,17,22,19.8,26.0,279,297,100.0,56.4
1400000US19145490300,"Census Tract 4903, Page County, Iowa",511,120,7,13,14,26,64,49,0,9,0.0,87.9,0,263,,
1400000US19145490400,"Census Tract 4904, Page County, Iowa",565,81,17,16,30,28,146,53,0,9,0.0,56.4,0,128,,
1400000US19145490500,"Census Tract 4905, Page County, Iowa",461,113,35,35,76,78,32,30,0,9,0.0,39.3,0,411,,
1400000US19145490600,"Census Tract 4906, Page County, Iowa",410,64,32,18,78,44,91,34,5,9,15.6,26.0,55,95,100.0,100.0
1400000US19147960100,"Census Tract 9601, Palo Alto County, Iowa",365,58,18,12,49,35,63,29,0,9,0.0,54.8,0,267,,
1400000US19147960200,"Census Tract 9602, Palo Alto County, Iowa",359,46,15,10,42,28,41,21,0,9,0.0,60.1,0,361,,
1400000US19147960300,"Census Tract 9603, Palo Alto County, Iowa",758,77,14,19,18,25,129,68,0,9,0.0,62.2,0,143,,
1400000US19147960400,"Census Tract 9604, Palo Alto County, Iowa",289,50,15,10,52,37,45,23,0,9,0.0,60.1,0,341,,
1400000US19149970100,"Census Tract 9701, Plymouth County, Iowa",1344,144,57,48,42,36,220,85,0,13,0.0,28.8,0,87,,
1400000US19149970200,"Census Tract 9702, Plymouth County, Iowa",765,125,24,27,31,35,120,76,0,9,0.0,47.5,0,153,,
1400000US19149970300,"Census Tract 9703, Plymouth County, Iowa",577,77,14,12,24,21,121,52,6,10,42.9,45.1,50,77,100.0,95.0
1400000US19149970400,"Census Tract 9704, Plymouth County, Iowa",601,71,63,35,105,56,94,34,0,9,0.0,26.7,0,190,,
1400000US19149970500,"Census Tract 9705, Plymouth County, Iowa",686,65,67,43,98,64,124,42,0,9,0.0,25.4,0,149,,
1400000US19149970600,"Census Tract 9706, Plymouth County, Iowa",1127,109,72,44,64,39,162,57,0,13,0.0,23.9,0,116,,
1400000US19151780100,"Census Tract 7801, Pocahontas County, Iowa",372,50,11,8,30,22,46,20,0,9,0.0,70.1,0,336,,
1400000US19151780200,"Census Tract 7802, Pocahontas County, Iowa",518,55,40,20,77,39,79,28,0,9,0.0,36.7,0,221,,
1400000US19151780300,"Census Tract 7803, Pocahontas County, Iowa",451,60,6,8,13,19,80,29,0,9,0.0,95.0,0,219,,
1400000US19153000101,"Census Tract 1.01, Polk County, Iowa",1032,140,122,79,118,75,83,53,0,9,0.0,15.1,0,212,,
1400000US19153000102,"Census Tract 1.02, Polk County, Iowa",859,128,86,62,100,65,75,51,0,9,0.0,20.6,0,231,,
1400000US19153000103,"Census Tract 1.03, Polk County, Iowa",504,87,12,18,24,35,80,57,0,9,0.0,67.2,0,219,,
1400000US19153000201,"Census Tract 2.01, Polk County, Iowa",642,123,43,39,67,56,114,61,0,9,0.0,35.1,0,160,,
1400000US19153000202,"Census Tract 2.02, Polk County, Iowa",739,104,39,38,53,51,48,41,0,9,0.0,37.2,0,327,,
1400000US19153000300,"Census Tract 3, Polk County, Iowa",1076,229,38,49,35,46,344,139,0,9,0.0,37.7,0,56,,
1400000US19153000400,"Census Tract 4, Polk County, Iowa",1190,195,110,90,92,76,93,64,0,9,0.0,16.6,0,192,,
1400000US19153000500,"Census Tract 5, Polk County, Iowa",1190,232,91,64,76,57,200,120,0,9,0.0,19.6,0,95,,
1400000US19153000600,"Census Tract 6, Polk County, Iowa",1037,148,89,59,86,55,65,43,20,27,22.5,27.4,308,377,100.0,52.0
1400000US19153000701,"Census Tract 7.01, Polk County, Iowa",826,131,112,64,136,75,85,65,0,9,0.0,16.3,0,208,,
1400000US19153000702,"Census Tract 7.02, Polk County, Iowa",762,121,92,39,121,55,99,80,0,9,0.0,19.4,0,182,,
1400000US19153000703,"Census Tract 7.03, Polk County, Iowa",631,103,32,21,51,33,11,16,0,9,0.0,41.1,0,701,,
1400000US19153000704,"Census Tract 7.04, Polk County, Iowa",716,114,45,32,63,47,58,40,10,16,22.2,33.9,172,265,100.0,73.6
1400000US19153000801,"Census Tract 8.01, Polk County, Iowa",1452,249,163,128,112,89,46,42,0,13,0.0,11.5,0,336,,
1400000US19153000802,"Census Tract 8.02, Polk County, Iowa",836,107,95,52,114,63,47,32,0,9,0.0,18.9,0,331,,
1400000US19153000803,"Census Tract 8.03, Polk County, Iowa",1105,171,167,78,151,68,127,63,0,9,0.0,11.3,0,145,,
1400000US19153000901,"Census Tract 9.01, Polk County, Iowa",937,136,66,53,70,56,77,59,0,9,0.0,25.7,0,226,,
1400000US19153000902,"Census Tract 9.02, Polk County, Iowa",873,152,31,26,36,30,82,51,7,13,22.6,38.2,85,172,100.0,87.9
1400000US19153001000,"Census Tract 10, Polk County, Iowa",1476,244,56,41,38,29,197,84,0,9,0.0,29.2,0,96,,
1400000US19153001100,"Census Tract 11, Polk County, Iowa",1950,430,152,90,78,48,859,215,35,42,23.0,26.6,41,51,100.0,39.3
1400000US19153001200,"Census Tract 12, Polk County, Iowa",862,163,125,75,145,79,130,78,0,9,0.0,14.7,0,142,,
1400000US19153001500,"Census Tract 15, Polk County, Iowa",796,130,47,37,59,47,117,73,0,9,0.0,33.1,0,157,,
1400000US19153001700,"Census Tract 17, Polk County, Iowa",669,100,63,45,94,64,69,35,0,9,0.0,26.7,0,248,,
1400000US19153001800,"Census Tract 18, Polk County, Iowa",423,85,7,11,17,26,27,32,0,9,0.0,87.9,0,448,,
1400000US19153001900,"Census Tract 19, Polk County, Iowa",980,128,42,41,43,42,49,29,0,9,0.0,35.6,0,322,,
1400000US19153002100,"Census Tract 21, Polk County, Iowa",1172,203,59,49,50,42,101,68,0,9,0.0,28.1,0,179,,
1400000US19153002600,"Census Tract 26, Polk County, Iowa",647,129,35,40,54,62,42,33,0,9,0.0,39.3,0,356,,
1400000US19153002700,"Census Tract 27, Polk County, Iowa",974,140,32,36,33,37,47,37,0,9,0.0,41.1,0,331,,
1400000US19153002800,"Census Tract 28, Polk County, Iowa",1018,191,45,48,44,46,28,27,0,9,0.0,34.1,0,440,,
1400000US19153002900,"Census Tract 29, Polk County, Iowa",1116,235,12,19,11,17,45,47,0,9,0.0,67.2,0,341,,
1400000US19153003001,"Census Tract 30.01, Polk County, Iowa",461,99,10,12,22,28,36,21,0,9,0.0,73.6,0,388,,
1400000US19153003002,"Census Tract 30.02, Polk County, Iowa",732,95,8,15,11,21,92,40,0,9,0.0,82.3,0,194,,
1400000US19153003100,"Census Tract 31, Polk County, Iowa",466,79,37,21,79,49,58,33,0,9,0.0,38.2,0,284,,
1400000US19153003200,"Census Tract 32, Polk County, Iowa",502,110,10,15,20,30,46,42,0,9,0.0,73.6,0,336,,
1400000US19153003901,"Census Tract 39.01, Polk County, Iowa",1142,166,71,70,62,59,90,67,0,9,0.0,24.2,0,198,,
1400000US19153003902,"Census Tract 39.02, Polk County, Iowa",1700,275,151,93,89,58,243,116,0,13,0.0,12.4,0,79,,
1400000US19153004001,"Census Tract 40.01, Polk County, Iowa",1311,156,114,85,87,64,207,98,0,9,0.0,16.0,0,92,,
1400000US19153004004,"Census Tract 40.04, Polk County, Iowa",685,94,34,32,50,47,57,52,0,9,0.0,39.9,0,288,,
1400000US19153004100,"Census Tract 41, Polk County, Iowa",921,239,20,25,22,29,66,61,0,9,0.0,52.0,0,257,,
1400000US19153004200,"Census Tract 42, Polk County, Iowa",498,118,54,39,108,84,73,42,8,11,14.8,22.6,110,181,100.0,82.2
1400000US19153004300,"Census Tract 43, Polk County, Iowa",1442,255,57,47,40,34,227,99,0,13,0.0,28.8,0,84,,
1400000US19153004400,"Census Tract 44, Polk County, Iowa",1166,160,126,105,108,93,171,85,0,9,0.0,14.6,0,110,,
1400000US19153004501,"Census Tract 45.01, Polk County, Iowa",1069,170,57,53,53,50,137,74,0,9,0.0,28.8,0,136,,
1400000US19153004502,"Census Tract 45.02, Polk County, Iowa",570,97,46,30,81,55,0,9,0,9,0.0,33.6,,,,
1400000US19153004602,"Census Tract 46.02, Polk County, Iowa",1681,283,154,127,92,79,188,123,0,13,0.0,12.2,0,101,,
1400000US19153004603,"Census Tract 46.03, Polk County, Iowa",807,124,80,63,99,75,94,45,6,10,7.5,14.2,64,105,100.0,95.0
1400000US19153004701,"Census Tract 47.01, Polk County, Iowa",1127,152,156,79,138,66,165,76,30,39,19.2,23.6,182,202,100.0,42.5
1400000US19153004702,"Census Tract 47.02, Polk County, Iowa",669,125,55,60,82,89,107,62,0,9,0.0,29.6,0,170,,
1400000US19153004800,"Census Tract 48, Polk County, Iowa",863,158,13,14,15,16,153,94,0,9,0.0,64.5,0,122,,
1400000US19153004900,"Census Tract 49, Polk County, Iowa",422,93,29,29,69,71,27,29,0,9,0.0,43.2,0,448,,
1400000US19153005000,"Census Tract 50, Polk County, Iowa",847,190,73,65,86,77,107,75,5,13,6.8,20.3,47,102,100.0,100.0
1400000US19153005100,"Census Tract 51, Polk County, Iowa",1473,238,70,71,48,46,270,186,0,9,0.0,24.5,0,71,,
1400000US19153005200,"Census Tract 52, Polk County, Iowa",876,147,129,71,147,80,131,76,13,15,10.1,12.7,99,142,61.5,58.9
1400000US19153005300,"Census Tract 53, Polk County, Iowa",555,97,19,18,34,33,50,39,0,9,0.0,53.4,0,317,,
1400000US19153010101,"Census Tract 101.01, Polk County, Iowa",847,95,43,26,51,30,97,36,0,9,0.0,35.1,0,185,,
1400000US19153010102,"Census Tract 101.02, Polk County, Iowa",1709,205,88,52,51,31,197,80,0,13,0.0,20.2,0,96,,
1400000US19153010203,"Census Tract 102.03, Polk County, Iowa",5421,410,367,205,68,39,300,174,0,17,0.0,5.3,0,64,,
1400000US19153010205,"Census Tract 102.05, Polk County, Iowa",1823,254,214,80,117,47,268,122,0,13,0.0,8.9,0,72,,
1400000US19153010207,"Census Tract 102.07, Polk County, Iowa",1478,201,49,35,33,24,295,98,0,9,0.0,32.2,0,66,,
1400000US19153010208,"Census Tract 102.08, Polk County, Iowa",1231,156,90,66,73,55,170,92,0,9,0.0,19.8,0,111,,
1400000US19153010209,"Census Tract 102.09, Polk County, Iowa",1614,207,44,42,27,26,153,94,14,22,31.8,46.0,92,151,100.0,62.2
1400000US19153010211,"Census Tract 102.11, Polk County, Iowa",914,123,66,44,72,50,105,65,12,19,18.2,27.1,114,184,100.0,67.2
1400000US19153010212,"Census Tract 102.12, Polk County, Iowa",918,118,103,73,112,77,75,45,11,18,10.7,18.1,147,241,100.0,70.1
1400000US19153010404,"Census Tract 104.04, Polk County, Iowa",1183,183,58,49,49,42,187,66,0,9,0.0,28.4,0,101,,
1400000US19153010405,"Census Tract 104.05, Polk County, Iowa",1422,226,50,46,35,32,211,108,3,6,6.0,13.8,14,27,100.0,100.0
1400000US19153010406,"Census Tract 104.06, Polk County, Iowa",994,140,30,36,30,36,111,65,0,9,0.0,42.5,0,164,,
1400000US19153010407,"Census Tract 104.07, Polk County, Iowa",968,144,54,39,56,42,140,73,0,9,0.0,30.0,0,133,,
1400000US19153010408,"Census Tract 104.08, Polk County, Iowa",1073,146,21,21,20,20,201,98,0,9,0.0,50.8,0,95,,
1400000US19153010409,"Census Tract 104.09, Polk County, Iowa",1069,151,28,25,26,23,143,73,0,9,0.0,44.0,0,130,,
1400000US19153010500,"Census Tract 105, Polk County, Iowa",1235,238,36,39,29,31,146,101,0,13,0.0,38.8,0,128,,
1400000US19153010600,"Census Tract 106, Polk County, Iowa",1856,243,70,54,38,30,230,127,0,13,0.0,24.5,0,83,,
1400000US19153010702,"Census Tract 107.02, Polk County, Iowa",1674,476,55,57,33,26,154,61,0,13,0.0,29.6,0,122,,
1400000US19153010703,"Census Tract 107.03, Polk County, Iowa",1285,147,98,73,76,55,195,79,9,16,9.2,16.6,46,83,100.0,77.5
1400000US19153010705,"Census Tract 107.05, Polk County, Iowa",954,154,74,61,78,68,148,78,0,9,0.0,23.4,0,126,,
1400000US19153010706,"Census Tract 107.06, Polk County, Iowa",1736,194,94,76,54,46,157,120,0,13,0.0,19.0,0,119,,
1400000US19153010802,"Census Tract 108.02, Polk County, Iowa",2352,280,170,95,72,40,187,89,0,13,0.0,11.1,0,101,,
1400000US19153010803,"Census Tract 108.03, Polk County, Iowa",1185,159,85,54,72,49,119,67,0,13,0.0,20.8,0,154,,
1400000US19153010804,"Census Tract 108.04, Polk County, Iowa",1152,234,54,59,47,51,207,110,0,9,0.0,30.0,0,92,,
1400000US19153011001,"Census Tract 110.01, Polk County, Iowa",959,166,20,22,21,23,138,75,10,15,50.0,50.0,72,118,100.0,73.6
1400000US19153011021,"Census Tract 110.21, Polk County, Iowa",1156,130,58,42,50,37,122,56,0,9,0.0,28.4,0,151,,
1400000US19153011025,"Census Tract 110.25, Polk County, Iowa",915,122,64,44,70,47,123,70,0,9,0.0,26.3,0,150,,
1400000US19153011026,"Census Tract 110.26, Polk County, Iowa",1371,194,32,33,23,24,131,78,0,13,0.0,41.1,0,141,,
1400000US19153011027,"Census Tract 110.27, Polk County, Iowa",2216,293,187,105,84,49,342,199,0,13,0.0,10.1,0,57,,
1400000US19153011028,"Census Tract 110.28, Polk County, Iowa",924,238,37,45,40,49,67,67,0,13,0.0,38.2,0,254,,
1400000US19153011111,"Census Tract 111.11, Polk County, Iowa",1444,246,57,53,39,37,235,123,11,17,19.3,31.2,47,79,0.0,70.1
1400000US19153011112,"Census Tract 111.12, Polk County, Iowa",862,130,89,56,103,65,112,55,0,9,0.0,20.0,0,163,,
1400000US19153011113,"Census Tract 111.13, Polk County, Iowa",652,137,25,28,38,43,8,12,0,9,0.0,46.5,0,823,,
1400000US19153011114,"Census Tract 111.14, Polk County, Iowa",1128,291,86,94,76,81,152,103,0,9,0.0,20.6,0,123,,
1400000US19153011201,"Census Tract 112.01, Polk County, Iowa",1055,123,63,59,60,56,57,42,0,13,0.0,26.7,0,288,,
1400000US19153011203,"Census Tract 112.03, Polk County, Iowa",741,163,30,25,40,35,267,121,0,9,0.0,42.5,0,72,,
1400000US19153011205,"Census Tract 112.05, Polk County, Iowa",1213,188,35,38,29,31,82,72,0,9,0.0,39.3,0,214,,
1400000US19153011206,"Census Tract 112.06, Polk County, Iowa",655,153,84,73,128,112,123,69,0,9,0.0,21.0,0,150,,
1400000US19153011300,"Census Tract 113, Polk County, Iowa",4697,492,308,152,66,34,645,243,2,4,0.6,1.3,3,7,100.0,100.0
1400000US19153011404,"Census Tract 114.04, Polk County, Iowa",1644,245,64,58,39,35,264,104,0,13,0.0,26.3,0,73,,
1400000US19153011500,"Census Tract 115, Polk County, Iowa",1401,147,115,57,82,43,177,87,0,13,0.0,15.9,0,107,,
1400000US19153011600,"Census Tract 116, Polk County, Iowa",0,9,0,9,,,0,9,0,9,,,,,,
1400000US19153011701,"Census Tract 117.01, Polk County, Iowa",2108,263,72,87,34,42,332,122,0,13,0.0,23.9,0,58,,
1400000US19153011702,"Census Tract 117.02, Polk County, Iowa",756,117,31,41,41,53,85,56,0,9,0.0,41.8,0,208,,
1400000US19155021200,"Census Tract 212, Pottawattamie County, Iowa",923,121,41,33,44,36,160,82,0,9,0.0,36.1,0,117,,
1400000US19155021400,"Census Tract 214, Pottawattamie County, Iowa",610,99,32,33,52,52,80,36,0,9,0.0,41.1,0,219,,
1400000US19155021501,"Census Tract 215.01, Pottawattamie County, Iowa",532,70,34,23,64,46,84,40,0,9,0.0,39.9,0,210,,
1400000US19155021502,"Census Tract 215.02, Pottawattamie County, Iowa",468,60,28,19,60,40,62,28,0,9,0.0,44.0,0,270,,
1400000US19155021602,"Census Tract 216.02, Pottawattamie County, Iowa",621,69,23,16,37,27,98,35,6,8,26.1,31.9,61,83,100.0,95.0
1400000US19155021603,"Census Tract 216.03, Pottawattamie County, Iowa",522,58,31,22,59,42,100,34,0,9,0.0,41.8,0,180,,
1400000US19155021701,"Census Tract 217.01, Pottawattamie County, Iowa",457,59,40,23,88,49,33,19,0,9,0.0,36.7,0,405,,
1400000US19155021702,"Census Tract 217.02, Pottawattamie County, Iowa",448,57,42,21,94,46,53,25,0,9,0.0,35.6,0,304,,
1400000US19155030100,"Census Tract 301, Pottawattamie County, Iowa",1537,227,65,42,42,29,208,105,0,13,0.0,26.0,0,92,,
1400000US19155030200,"Census Tract 302, Pottawattamie County, Iowa",793,153,71,42,90,51,105,65,0,9,0.0,24.2,0,173,,
1400000US19155030300,"Census Tract 303, Pottawattamie County, Iowa",658,150,14,22,21,33,116,76,0,9,0.0,62.2,0,158,,
1400000US19155030401,"Census Tract 304.01, Pottawattamie County, Iowa",1066,149,69,51,65,51,132,83,0,9,0.0,24.8,0,140,,
1400000US19155030402,"Census Tract 304.02, Pottawattamie County, Iowa",1005,148,44,44,44,43,50,44,0,9,0.0,34.6,0,317,,
1400000US19155030501,"Census Tract 305.01, Pottawattamie County, Iowa",465,56,8,14,17,30,18,18,0,9,0.0,82.3,0,548,,
1400000US19155030502,"Census Tract 305.02, Pottawattamie County, Iowa",591,113,57,36,96,63,62,35,0,9,0.0,28.8,0,270,,
1400000US19155030601,"Census Tract 306.01, Pottawattamie County, Iowa",465,85,51,45,110,95,49,39,0,9,0.0,31.3,0,322,,
1400000US19155030602,"Census Tract 306.02, Pottawattamie County, Iowa",580,117,14,19,24,33,21,21,0,9,0.0,62.2,0,508,,
1400000US19155030700,"Census Tract 307, Pottawattamie County, Iowa",769,119,53,43,69,54,70,45,0,9,0.0,30.4,0,245,,
1400000US19155030800,"Census Tract 308, Pottawattamie County, Iowa",874,193,37,42,42,47,95,65,0,9,0.0,38.2,0,189,,
1400000US19155030900,"Census Tract 309, Pottawattamie County, Iowa",385,136,9,10,23,26,118,71,0,9,0.0,77.5,0,155,,
1400000US19155031000,"Census Tract 310, Pottawattamie County, Iowa",492,107,38,27,77,54,49,44,0,9,0.0,37.7,0,322,,
1400000US19155031100,"Census Tract 311, Pottawattamie County, Iowa",609,115,60,49,99,78,81,52,0,9,0.0,27.7,0,217,,
1400000US19155031200,"Census Tract 312, Pottawattamie County, Iowa",666,159,82,54,123,87,135,91,35,36,42.7,44.5,259,205,100.0,39.3
1400000US19155031300,"Census Tract 313, Pottawattamie County, Iowa",712,117,31,27,44,36,115,62,0,9,0.0,41.8,0,159,,
1400000US19155031400,"Census Tract 314, Pottawattamie County, Iowa",935,180,70,44,75,48,129,65,0,9,0.0,24.5,0,143,,
1400000US19155031601,"Census Tract 316.01, Pottawattamie County, Iowa",1023,144,35,31,34,30,177,69,0,9,0.0,39.3,0,107,,
1400000US19155031602,"Census Tract 316.02, Pottawattamie County, Iowa",555,101,11,19,20,34,80,61,0,9,0.0,70.1,0,219,,
1400000US19155031700,"Census Tract 317, Pottawattamie County, Iowa",1107,187,29,24,26,22,324,122,0,9,0.0,43.2,0,60,,
1400000US19155031800,"Census Tract 318, Pottawattamie County, Iowa",665,107,39,32,59,50,117,58,0,9,0.0,37.2,0,157,,
1400000US19155031900,"Census Tract 319, Pottawattamie County, Iowa",853,150,46,34,54,39,210,116,15,23,32.6,41.7,71,102,100.0,60.1
1400000US19157370100,"Census Tract 3701, Poweshiek County, Iowa",669,97,45,29,67,40,53,32,0,9,0.0,34.1,0,304,,
1400000US19157370200,"Census Tract 3702, Poweshiek County, Iowa",538,120,22,20,41,37,88,62,0,9,0.0,49.6,0,202,,
1400000US19157370300,"Census Tract 3703, Poweshiek County, Iowa",1589,206,113,95,71,60,520,154,32,41,28.3,23.1,62,74,100.0,41.1
1400000US19157370400,"Census Tract 3704, Poweshiek County, Iowa",971,175,31,32,32,34,220,122,0,9,0.0,41.8,0,87,,
1400000US19157370500,"Census Tract 3705, Poweshiek County, Iowa",634,83,23,16,36,25,57,31,0,9,0.0,48.5,0,288,,
1400000US19159950100,"Census Tract 9501, Ringgold County, Iowa",382,67,24,18,63,46,76,30,0,9,0.0,47.5,0,229,,
1400000US19159950200,"Census Tract 9502, Ringgold County, Iowa",547,68,37,22,68,39,95,26,0,9,0.0,38.2,0,189,,
1400000US19161080100,"Census Tract 801, Sac County, Iowa",578,69,35,20,61,37,136,33,7,11,20.0,27.7,51,77,0.0,87.9
1400000US19161080200,"Census Tract 802, Sac County, Iowa",470,49,33,18,70,39,91,27,0,9,0.0,40.5,0,196,,
1400000US19161080300,"Census Tract 803, Sac County, Iowa",374,59,18,16,48,44,46,23,0,9,0.0,54.8,0,336,,
1400000US19161080400,"Census Tract 804, Sac County, Iowa",453,60,37,21,82,49,68,43,0,9,0.0,38.2,0,251,,
1400000US19163010101,"Census Tract 101.01, Scott County, Iowa",663,140,38,27,57,40,124,68,0,9,0.0,37.7,0,149,,
1400000US19163010102,"Census Tract 101.02, Scott County, Iowa",1560,214,0,13,0,13,126,71,0,13,,,0,146,,
1400000US19163010201,"Census Tract 102.01, Scott County, Iowa",1464,184,100,68,68,45,156,79,16,26,16.0,24.3,103,160,0.0,58.2
1400000US19163010202,"Census Tract 102.02, Scott County, Iowa",1565,184,71,60,45,39,326,137,0,13,0.0,24.2,0,59,,
1400000US19163010300,"Census Tract 103, Scott County, Iowa",539,115,37,25,69,50,96,76,0,9,0.0,38.2,0,187,,
1400000US19163010401,"Census Tract 104.01, Scott County, Iowa",1222,104,43,28,35,22,143,45,0,13,0.0,35.1,0,130,,
1400000US19163010402,"Census Tract 104.02, Scott County, Iowa",784,184,0,9,0,25,121,84,0,9,,,0,152,,
1400000US19163010600,"Census Tract 106, Scott County, Iowa",725,169,12,18,17,26,68,47,0,9,0.0,67.2,0,251,,
1400000US19163010700,"Census Tract 107, Scott County, Iowa",428,126,26,25,61,61,83,46,14,18,53.8,49.9,169,234,100.0,62.2
1400000US19163010800,"Census Tract 108, Scott County, Iowa",667,152,45,42,67,61,99,92,0,9,0.0,34.1,0,182,,
1400000US19163010900,"Census Tract 109, Scott County, Iowa",431,152,64,54,148,93,63,65,0,9,0.0,26.3,0,267,,
1400000US19163011000,"Census Tract 110, Scott County, Iowa",602,125,13,18,22,29,66,40,13,18,100.0,64.5,197,238,100.0,64.5
1400000US19163011100,"Census Tract 111, Scott County, Iowa",685,102,53,40,77,56,33,36,0,9,0.0,30.4,0,405,,
1400000US19163011200,"Census Tract 112, Scott County, Iowa",565,103,7,12,12,22,29,21,0,9,0.0,87.9,0,432,,
1400000US19163011300,"Census Tract 113, Scott County, Iowa",1504,256,59,51,39,37,482,149,0,9,0.0,28.1,0,41,,
1400000US19163011400,"Census Tract 114, Scott County, Iowa",626,105,53,47,85,74,42,45,0,9,0.0,30.4,0,356,,
1400000US19163011500,"Census Tract 115, Scott County, Iowa",526,103,7,11,13,21,62,46,0,9,0.0,87.9,0,270,,
1400000US19163011600,"Census Tract 116, Scott County, Iowa",1058,164,55,52,52,47,123,60,29,46,52.7,52.2,236,315,100.0,43.2
1400000US19163011700,"Census Tract 117, Scott County, Iowa",832,143,30,27,36,33,54,43,0,9,0.0,42.5,0,300,,
1400000US19163011800,"Census Tract 118, Scott County, Iowa",568,178,13,21,23,38,23,26,0,9,0.0,64.5,0,485,,
1400000US19163011900,"Census Tract 119, Scott County, Iowa",587,116,15,25,26,42,77,42,15,25,100.0,60.1,195,307,100.0,60.1
1400000US19163012000,"Census Tract 120, Scott County, Iowa",1030,196,22,21,21,21,145,93,0,9,0.0,49.6,0,129,,
1400000US19163012100,"Census Tract 121, Scott County, Iowa",975,150,46,42,47,43,141,77,0,9,0.0,33.6,0,132,,
1400000US19163012200,"Census Tract 122, Scott County, Iowa",632,118,3,6,5,9,87,56,0,9,0.0,100.0,0,204,,
1400000US19163012300,"Census Tract 123, Scott County, Iowa",380,73,7,11,18,28,36,35,0,9,0.0,87.9,0,388,,
1400000US19163012400,"Census Tract 124, Scott County, Iowa",306,109,0,9,0,63,19,18,0,9,,,0,534,,
1400000US19163012501,"Census Tract 125.01, Scott County, Iowa",913,158,122,68,134,72,169,81,17,27,13.9,21.2,101,153,100.0,56.4
1400000US19163012502,"Census Tract 125.02, Scott County, Iowa",1030,136,51,35,50,35,212,88,0,9,0.0,31.3,0,90,,
1400000US19163012601,"Census Tract 126.01, Scott County, Iowa",1233,175,39,60,32,48,158,96,0,13,0.0,37.2,0,119,,
1400000US19163012602,"Census Tract 126.02, Scott County, Iowa",1242,195,91,73,73,57,174,90,0,9,0.0,19.6,0,108,,
1400000US19163012701,"Census Tract 127.01, Scott County, Iowa",705,90,81,62,115,83,69,40,0,9,0.0,21.7,0,248,,
1400000US19163012702,"Census Tract 127.02, Scott County, Iowa",514,73,16,18,31,36,60,41,0,9,0.0,58.2,0,277,,
1400000US19163012801,"Census Tract 128.01, Scott County, Iowa",1196,214,118,65,99,57,199,119,0,9,0.0,15.5,0,96,,
1400000US19163012802,"Census Tract 128.02, Scott County, Iowa",1163,192,75,61,64,52,161,105,18,26,24.0,35.1,112,173,0.0,54.8
1400000US19163012901,"Census Tract 129.01, Scott County, Iowa",1496,250,50,36,33,25,221,93,0,9,0.0,31.7,0,86,,
1400000US19163012902,"Census Tract 129.02, Scott County, Iowa",1174,215,0,13,0,17,79,56,0,13,,,0,221,,
1400000US19163013000,"Census Tract 130, Scott County, Iowa",989,212,59,66,60,65,145,126,0,9,0.0,28.1,0,129,,
1400000US19163013100,"Census Tract 131, Scott County, Iowa",413,70,34,20,82,51,38,26,0,9,0.0,39.9,0,377,,
1400000US19163013200,"Census Tract 132, Scott County, Iowa",354,63,19,16,54,46,6,11,0,9,0.0,53.4,0,950,,
1400000US19163013300,"Census Tract 133, Scott County, Iowa",714,100,88,55,123,79,58,39,0,9,0.0,20.2,0,284,,
1400000US19163013400,"Census Tract 134, Scott County, Iowa",699,176,30,22,43,32,103,51,0,9,0.0,42.5,0,176,,
1400000US19163013500,"Census Tract 135, Scott County, Iowa",762,120,19,21,25,28,75,55,0,9,0.0,53.4,0,231,,
1400000US19163013600,"Census Tract 136, Scott County, Iowa",555,84,31,26,56,46,73,44,0,9,0.0,41.8,0,236,,
1400000US19163013702,"Census Tract 137.02, Scott County, Iowa",1246,160,75,72,60,60,153,82,0,13,0.0,23.1,0,122,,
1400000US19163013703,"Census Tract 137.03, Scott County, Iowa",605,77,52,33,86,57,76,42,0,9,0.0,30.9,0,229,,
1400000US19163013705,"Census Tract 137.05, Scott County, Iowa",1206,208,59,55,49,44,207,114,0,13,0.0,28.1,0,92,,
1400000US19163013706,"Census Tract 137.06, Scott County, Iowa",1149,125,82,41,71,35,132,71,0,9,0.0,21.4,0,140,,
1400000US19165960100,"Census Tract 9601, Shelby County, Iowa",536,61,23,14,43,27,125,45,0,9,0.0,48.5,0,147,,
1400000US19165960200,"Census Tract 9602, Shelby County, Iowa",577,74,38,20,66,34,86,37,0,9,0.0,37.7,0,206,,
1400000US19165960300,"Census Tract 9603, Shelby County, Iowa",616,81,11,16,18,24,136,53,0,9,0.0,70.1,0,136,,
1400000US19165960400,"Census Tract 9604, Shelby County, Iowa",568,86,33,33,58,60,72,40,0,9,0.0,40.5,0,239,,
1400000US19167070100,"Census Tract 701, Sioux County, Iowa",786,116,88,37,112,49,135,75,0,9,0.0,20.2,0,137,,
1400000US19167070200,"Census Tract 702, Sioux County, Iowa",1036,105,53,24,51,24,273,72,0,9,0.0,30.4,0,71,,
1400000US19167070300,"Census Tract 703, Sioux County, Iowa",1301,147,63,49,48,38,168,79,0,13,0.0,26.7,0,112,,
1400000US19167070400,"Census Tract 704, Sioux County, Iowa",875,126,28,22,32,26,187,75,0,9,0.0,44.0,0,101,,
1400000US19167070500,"Census Tract 705, Sioux County, Iowa",609,75,25,17,41,28,148,56,2,3,8.0,14.7,14,22,100.0,100.0
1400000US19167070600,"Census Tract 706, Sioux County, Iowa",1465,171,95,54,65,38,401,98,16,26,16.8,24.3,40,66,0.0,58.2
1400000US19167070700,"Census Tract 707, Sioux County, Iowa",1680,173,46,50,27,30,237,102,0,13,0.0,33.6,0,81,,
1400000US19169000100,"Census Tract 1, Story County, Iowa",2191,260,103,65,47,30,212,103,0,15,0.0,17.6,0,90,,
1400000US19169000200,"Census Tract 2, Story County, Iowa",810,128,60,54,74,62,66,42,0,9,0.0,27.7,0,257,,
1400000US19169000300,"Census Tract 3, Story County, Iowa",619,111,25,21,40,34,94,58,0,9,0.0,46.5,0,190,,
1400000US19169000400,"Census Tract 4, Story County, Iowa",611,154,20,22,33,35,69,32,0,9,0.0,52.0,0,248,,
1400000US19169000500,"Census Tract 5, Story County, Iowa",1006,245,45,33,45,36,112,103,0,9,0.0,34.1,0,163,,
1400000US19169000600,"Census Tract 6, Story County, Iowa",1347,217,57,32,42,23,42,35,0,9,0.0,28.8,0,356,,
1400000US19169000700,"Census Tract 7, Story County, Iowa",1114,207,7,10,6,9,87,74,0,9,0.0,87.9,0,204,,
1400000US19169000800,"Census Tract 8, Story County, Iowa",2388,401,0,13,0,8,2190,393,0,13,,,0,9,,
1400000US19169000900,"Census Tract 9, Story County, Iowa",997,144,28,25,28,25,83,43,0,9,0.0,44.0,0,212,,
1400000US19169001000,"Census Tract 10, Story County, Iowa",1454,234,20,19,14,14,12,14,0,9,0.0,52.0,0,672,,
1400000US19169001100,"Census Tract 11, Story County, Iowa",2104,335,0,13,0,9,744,259,0,13,,,0,26,,
1400000US19169001200,"Census Tract 12, Story County, Iowa",262,256,0,9,0,73,240,259,0,9,,,0,80,,
1400000US19169001301,"Census Tract 13.01, Story County, Iowa",4482,492,70,65,16,15,156,130,0,15,0.0,24.5,0,120,,
1400000US19169001302,"Census Tract 13.02, Story County, Iowa",1165,186,37,44,32,39,71,51,0,9,0.0,38.2,0,242,,
1400000US19169010100,"Census Tract 101, Story County, Iowa",1554,156,57,28,37,18,180,80,0,13,0.0,28.8,0,105,,
1400000US19169010200,"Census Tract 102, Story County, Iowa",798,96,46,24,58,30,101,35,10,13,21.7,24.0,99,126,100.0,73.6
1400000US19169010300,"Census Tract 103, Story County, Iowa",846,93,109,56,129,65,99,52,0,9,0.0,16.7,0,182,,
1400000US19169010400,"Census Tract 104, Story County, Iowa",648,102,45,31,69,50,43,27,4,9,8.9,19.1,93,201,100.0,100.0
1400000US19169010500,"Census Tract 105, Story County, Iowa",355,47,15,14,42,39,50,17,0,9,0.0,60.1,0,317,,
1400000US19169010600,"Census Tract 106, Story County, Iowa",1214,177,66,38,54,31,242,96,0,13,0.0,25.7,0,79,,
1400000US19171290100,"Census Tract 2901, Tama County, Iowa",702,83,73,52,104,72,107,37,0,9,0.0,23.6,0,170,,
1400000US19171290200,"Census Tract 2902, Tama County, Iowa",525,69,13,13,25,24,79,32,3,4,23.1,31.0,38,61,100.0,100.0
1400000US19171290300,"Census Tract 2903, Tama County, Iowa",492,58,25,20,51,41,67,30,0,9,0.0,46.5,0,254,,
1400000US19171290400,"Census Tract 2904, Tama County, Iowa",700,93,25,18,36,26,152,58,0,9,0.0,46.5,0,123,,
1400000US19171290500,"Census Tract 2905, Tama County, Iowa",825,78,66,34,80,40,152,44,10,15,15.2,21.4,66,104,100.0,73.6
1400000US19171290600,"Census Tract 2906, Tama County, Iowa",504,67,15,12,30,24,91,39,0,9,0.0,60.1,0,196,,
1400000US19173180100,"Census Tract 1801, Taylor County, Iowa",462,55,10,9,22,21,75,27,0,9,0.0,73.6,0,231,,
1400000US19173180200,"Census Tract 1802, Taylor County, Iowa",400,48,44,19,110,50,37,20,2,3,4.5,6.6,54,79,100.0,100.0
1400000US19173180300,"Census Tract 1803, Taylor County, Iowa",385,56,13,8,34,22,70,30,0,9,0.0,64.5,0,245,,
1400000US19175190100,"Census Tract 1901, Union County, Iowa",512,70,22,19,43,38,85,38,0,9,0.0,49.6,0,208,,
1400000US19175190200,"Census Tract 1902, Union County, Iowa",1093,112,42,34,38,31,243,63,0,9,0.0,35.6,0,79,,
1400000US19175190300,"Census Tract 1903, Union County, Iowa",370,58,18,17,49,43,52,33,0,9,0.0,54.8,0,309,,
1400000US19175190400,"Census Tract 1904, Union County, Iowa",713,81,103,48,144,64,28,23,0,9,0.0,17.6,0,440,,
1400000US19177950100,"Census Tract 9501, Van Buren County, Iowa",799,61,76,35,95,43,118,25,5,9,6.6,11.3,42,72,100.0,100.0
1400000US19177950200,"Census Tract 9502, Van Buren County, Iowa",634,71,33,21,52,32,91,24,0,9,0.0,40.5,0,196,,
1400000US19179960100,"Census Tract 9601, Wapello County, Iowa",512,92,66,47,129,89,63,28,0,9,0.0,25.7,0,267,,
1400000US19179960200,"Census Tract 9602, Wapello County, Iowa",694,139,47,46,68,68,144,91,0,9,0.0,33.1,0,129,,
1400000US19179960300,"Census Tract 9603, Wapello County, Iowa",939,146,29,22,31,24,227,74,0,9,0.0,43.2,0,84,,
1400000US19179960400,"Census Tract 9604, Wapello County, Iowa",900,138,62,50,69,57,113,69,0,9,0.0,27.0,0,162,,
1400000US19179960500,"Census Tract 9605, Wapello County, Iowa",665,145,4,8,6,12,126,59,0,9,0.0,100.0,0,146,,
1400000US19179960600,"Census Tract 9606, Wapello County, Iowa",805,127,30,36,37,46,96,52,0,9,0.0,42.5,0,187,,
1400000US19179960700,"Census Tract 9607, Wapello County, Iowa",662,120,51,51,77,76,85,40,0,9,0.0,31.3,0,208,,
1400000US19179960800,"Census Tract 9608, Wapello County, Iowa",663,103,20,21,30,32,114,46,0,9,0.0,52.0,0,160,,
1400000US19179960900,"Census Tract 9609, Wapello County, Iowa",735,121,48,38,65,47,86,53,6,11,12.5,21.5,70,116,100.0,95.0
1400000US19179961000,"Census Tract 9610, Wapello County, Iowa",723,85,106,65,147,87,89,44,0,9,0.0,17.1,0,200,,
1400000US19179961100,"Census Tract 9611, Wapello County, Iowa",608,85,57,54,94,84,66,31,0,9,0.0,28.8,0,257,,
1400000US19181020100,"Census Tract 201, Warren County, Iowa",427,80,12,15,28,35,52,35,0,9,0.0,67.2,0,309,,
1400000US19181020200,"Census Tract 202, Warren County, Iowa",1916,216,55,47,29,24,200,88,0,13,0.0,29.6,0,95,,
1400000US19181020300,"Census Tract 203, Warren County, Iowa",1136,121,64,29,56,26,195,75,0,9,0.0,26.3,0,97,,
1400000US19181020400,"Census Tract 204, Warren County, Iowa",955,131,36,31,38,33,157,74,17,26,47.2,52.4,108,160,100.0,56.4
1400000US19181020500,"Census Tract 205, Warren County, Iowa",503,69,40,27,80,56,80,32,1,2,2.5,5.9,13,29,0.0,100.0
1400000US19181020600,"Census Tract 206, Warren County, Iowa",642,98,17,24,26,37,117,50,0,9,0.0,56.4,0,157,,
1400000US19181020700,"Census Tract 207, Warren County, Iowa",1151,140,21,22,18,20,284,95,0,9,0.0,50.8,0,68,,
1400000US19181020800,"Census Tract 208, Warren County, Iowa",927,192,14,17,15,19,192,80,0,9,0.0,62.2,0,99,,
1400000US19181020900,"Census Tract 209, Warren County, Iowa",851,125,27,26,32,31,117,62,0,9,0.0,44.8,0,157,,
1400000US19181021000,"Census Tract 210, Warren County, Iowa",688,102,15,19,22,28,113,75,0,9,0.0,60.1,0,162,,
1400000US19181021100,"Census Tract 211, Warren County, Iowa",1080,125,61,29,56,27,228,74,0,9,0.0,27.3,0,84,,
1400000US19181021200,"Census Tract 212, Warren County, Iowa",980,148,77,45,79,45,127,64,0,9,0.0,22.6,0,145,,
1400000US19183960100,"Census Tract 9601, Washington County, Iowa",1490,123,78,48,52,32,175,53,0,13,0.0,22.4,0,108,,
1400000US19183960200,"Census Tract 9602, Washington County, Iowa",1017,103,104,60,102,56,144,50,0,9,0.0,17.4,0,129,,
1400000US19183960300,"Census Tract 9603, Washington County, Iowa",674,94,80,46,119,66,145,57,14,17,17.5,20.0,97,120,100.0,62.2
1400000US19183960400,"Census Tract 9604, Washington County, Iowa",817,96,42,30,51,36,176,56,0,9,0.0,35.6,0,107,,
1400000US19183960500,"Census Tract 9605, Washington County, Iowa",560,69,43,30,77,52,49,33,0,9,0.0,35.1,0,322,,
1400000US19185070100,"Census Tract 701, Wayne County, Iowa",443,81,23,19,52,46,101,51,0,9,0.0,48.5,0,179,,
1400000US19185070200,"Census Tract 702, Wayne County, Iowa",271,46,2,4,7,14,48,24,1,3,50.0,50.0,21,63,100.0,100.0
1400000US19185070300,"Census Tract 703, Wayne County, Iowa",483,58,41,22,85,44,84,24,3,4,7.3,10.0,36,49,100.0,100.0
1400000US19187000100,"Census Tract 1, Webster County, Iowa",1118,160,62,51,55,47,151,76,0,13,0.0,27.0,0,124,,
1400000US19187000200,"Census Tract 2, Webster County, Iowa",841,149,18,20,21,23,131,75,0,9,0.0,54.8,0,141,,
1400000US19187000300,"Census Tract 3, Webster County, Iowa",235,63,19,19,81,86,15,17,0,9,0.0,53.4,0,601,,
1400000US19187000400,"Census Tract 4, Webster County, Iowa",584,98,93,64,159,107,59,39,0,9,0.0,19.2,0,281,,
1400000US19187000500,"Census Tract 5, Webster County, Iowa",423,98,51,48,121,113,62,73,0,9,0.0,31.3,0,270,,
1400000US19187000600,"Census Tract 6, Webster County, Iowa",1173,148,34,38,29,32,186,89,0,9,0.0,39.9,0,102,,
1400000US19187000700,"Census Tract 7, Webster County, Iowa",375,112,16,26,43,66,54,48,0,9,0.0,58.2,0,300,,
1400000US19187000900,"Census Tract 9, Webster County, Iowa",1124,299,24,39,21,37,388,223,0,9,0.0,47.5,0,50,,
1400000US19187010100,"Census Tract 101, Webster County, Iowa",436,77,34,17,78,40,43,22,3,4,8.8,12.2,70,97,100.0,100.0
1400000US19187010200,"Census Tract 102, Webster County, Iowa",312,57,13,13,42,41,25,21,2,3,15.4,27.1,80,131,100.0,100.0
1400000US19187010300,"Census Tract 103, Webster County, Iowa",546,73,52,25,95,45,85,43,4,8,7.7,14.0,47,78,100.0,100.0
1400000US19187010400,"Census Tract 104, Webster County, Iowa",546,70,30,22,55,42,79,40,0,9,0.0,42.5,0,221,,
1400000US19189680100,"Census Tract 6801, Winnebago County, Iowa",700,77,87,51,124,71,82,34,0,9,0.0,20.4,0,214,,
1400000US19189680200,"Census Tract 6802, Winnebago County, Iowa",503,72,68,41,135,77,37,25,0,9,0.0,25.1,0,382,,
1400000US19189680300,"Census Tract 6803, Winnebago County, Iowa",890,96,114,73,128,81,210,54,0,9,0.0,16.0,0,91,,
1400000US19191950100,"Census Tract 9501, Winneshiek County, Iowa",666,71,14,10,21,15,84,32,0,9,0.0,62.2,0,210,,
1400000US19191950200,"Census Tract 9502, Winneshiek County, Iowa",1991,131,53,34,27,18,748,124,0,13,0.0,30.4,0,26,,
1400000US19191950300,"Census Tract 9503, Winneshiek County, Iowa",691,89,30,25,43,37,53,35,0,9,0.0,42.5,0,304,,
1400000US19191950400,"Census Tract 9504, Winneshiek County, Iowa",874,99,56,29,64,36,181,55,0,9,0.0,29.2,0,105,,
1400000US19191950500,"Census Tract 9505, Winneshiek County, Iowa",711,79,37,22,52,31,108,43,0,9,0.0,38.2,0,168,,
1400000US19193000100,"Census Tract 1, Woodbury County, Iowa",938,149,25,26,27,28,119,80,0,9,0.0,46.5,0,154,,
1400000US19193000200,"Census Tract 2, Woodbury County, Iowa",1381,259,72,90,52,62,243,134,0,13,0.0,23.9,0,79,,
1400000US19193000300,"Census Tract 3, Woodbury County, Iowa",1467,171,109,71,74,52,160,90,0,13,0.0,16.7,0,117,,
1400000US19193000400,"Census Tract 4, Woodbury County, Iowa",921,130,69,46,75,51,181,72,0,9,0.0,24.8,0,105,,
1400000US19193000500,"Census Tract 5, Woodbury County, Iowa",916,151,0,9,0,22,274,92,0,9,,,0,70,,
1400000US19193000600,"Census Tract 6, Woodbury County, Iowa",674,164,65,56,96,74,84,48,0,9,0.0,26.0,0,210,,
1400000US19193000700,"Census Tract 7, Woodbury County, Iowa",815,146,32,22,39,28,118,65,0,9,0.0,41.1,0,155,,
1400000US19193000800,"Census Tract 8, Woodbury County, Iowa",1006,140,156,71,155,75,40,26,0,9,0.0,12.0,0,367,,
1400000US19193000900,"Census Tract 9, Woodbury County, Iowa",528,86,33,21,63,41,65,38,0,9,0.0,40.5,0,260,,
1400000US19193001000,"Census Tract 10, Woodbury County, Iowa",423,111,12,18,28,43,44,41,0,9,0.0,67.2,0,346,,
1400000US19193001100,"Census Tract 11, Woodbury County, Iowa",1276,178,152,73,119,59,233,84,34,33,22.4,21.6,146,124,100.0,39.9
1400000US19193001200,"Census Tract 12, Woodbury County, Iowa",855,189,63,58,74,63,118,72,12,21,19.0,31.1,102,174,100.0,67.2
1400000US19193001300,"Census Tract 13, Woodbury County, Iowa",341,94,32,23,94,70,59,47,0,9,0.0,41.1,0,281,,
1400000US19193001400,"Census Tract 14, Woodbury County, Iowa",1122,175,57,63,51,56,211,90,39,52,68.4,52.6,185,227,100.0,37.2
1400000US19193001500,"Census Tract 15, Woodbury County, Iowa",486,123,13,14,27,29,37,28,0,9,0.0,64.5,0,382,,
1400000US19193001800,"Census Tract 18, Woodbury County, Iowa",1813,252,127,73,70,43,349,112,0,13,0.0,14.5,0,56,,
1400000US19193001900,"Census Tract 19, Woodbury County, Iowa",706,120,22,21,31,29,69,47,0,9,0.0,49.6,0,248,,
1400000US19193002000,"Census Tract 20, Woodbury County, Iowa",1305,187,82,78,63,61,255,75,0,13,0.0,21.4,0,75,,
1400000US19193002101,"Census Tract 21.01, Woodbury County, Iowa",565,96,6,9,11,16,52,30,0,9,0.0,95.0,0,309,,
1400000US19193002102,"Census Tract 21.02, Woodbury County, Iowa",1315,194,143,92,109,72,124,70,0,13,0.0,13.0,0,149,,
1400000US19193003100,"Census Tract 31, Woodbury County, Iowa",755,69,38,18,50,24,90,28,1,2,2.6,3.9,11,18,0.0,100.0
1400000US19193003200,"Census Tract 32, Woodbury County, Iowa",952,93,70,30,74,29,126,37,7,12,10.0,15.3,56,84,100.0,87.9
1400000US19193003300,"Census Tract 33, Woodbury County, Iowa",1785,194,16,25,9,14,295,109,0,13,0.0,58.2,0,66,,
1400000US19193003500,"Census Tract 35, Woodbury County, Iowa",764,88,52,33,68,41,111,45,0,9,0.0,30.9,0,164,,
1400000US19193003600,"Census Tract 36, Woodbury County, Iowa",782,204,59,52,75,68,101,73,12,22,20.3,34.8,119,227,100.0,67.2
1400000US19193940200,"Census Tract 9402, Woodbury County, Iowa",0,9,0,9,,,0,9,0,9,,,,,,
1400000US19195690100,"Census Tract 6901, Worth County, Iowa",443,59,30,18,68,43,38,28,0,9,0.0,42.5,0,377,,
1400000US19195690200,"Census Tract 6902, Worth County, Iowa",432,64,15,11,35,25,63,28,0,9,0.0,60.1,0,267,,
1400000US19195690300,"Census Tract 6903, Worth County, Iowa",673,73,65,49,97,71,117,39,0,9,0.0,26.0,0,157,,
1400000US19197680100,"Census Tract 6801, Wright County, Iowa",595,90,23,20,39,34,66,44,0,9,0.0,48.5,0,257,,
1400000US19197680200,"Census Tract 6802, Wright County, Iowa",293,55,6,6,20,19,28,17,0,9,0.0,95.0,0,440,,
1400000US19197680300,"Census Tract 6803, Wright County, Iowa",644,75,36,32,56,49,70,32,0,9,0.0,38.8,0,245,,
1400000US19197680400,"Census Tract 6804, Wright County, Iowa",195,42,18,18,92,92,25,16,0,9,0.0,54.8,0,465,,
1400000US19197680500,"Census Tract 6805, Wright County, Iowa",683,83,75,46,110,67,92,40,0,9,0.0,23.1,0,194,,
