"Teen Birth Rate - Ages 15-19 (per 1,000)",,
Adair,,
2011-2015,15.9027128157,21.832106242
2010-2014,13.2575757576,23.8233529433
2009-2013,16.3147792706,26.2622491123
2008-2012,17.1265461465,28.5191741752
2007-2011,20.4460966543,30.2234420819
2006-2010,22.8070175439,31.4561980998
2005-2009,25.6198347107,31.7959833904
2004-2008,22.0994475138,31.2405052909
2003-2007,23.0061349693,30.4920317834
,,
Adams,,
2011-2015,17.7619893428,21.832106242
2010-2014,17.9738562092,23.8233529433
2009-2013,24.5398773006,26.2622491123
2008-2012,23.7037037037,28.5191741752
2007-2011,24.6020260492,30.2234420819
2006-2010,34.6820809249,31.4561980998
2005-2009,37.9562043796,31.7959833904
2004-2008,27.9001468429,31.2405052909
2003-2007,30.3907380608,30.4920317834
,,
Allamakee,,
2011-2015,31.5682281059,21.832106242
2010-2014,28.8508557457,23.8233529433
2009-2013,32.9102021627,26.2622491123
2008-2012,35.7627885921,28.5191741752
2007-2011,38.4111741598,30.2234420819
2006-2010,36.5646258503,31.4561980998
2005-2009,38.5412349772,31.7959833904
2004-2008,35.0947962888,31.2405052909
2003-2007,33.9250493097,30.4920317834
,,
Appanoose,,
2011-2015,36.5926814637,21.832106242
2010-2014,40.3225806452,23.8233529433
2009-2013,44.4197667962,26.2622491123
2008-2012,49.9474237645,28.5191741752
2007-2011,49.0981963928,30.2234420819
2006-2010,51.3928914505,31.4561980998
2005-2009,51.5799256506,31.7959833904
2004-2008,49.5495495495,31.2405052909
2003-2007,45.8756065285,30.4920317834
,,
Audubon,,
2011-2015,24.1448692153,21.832106242
2010-2014,23.0547550432,23.8233529433
2009-2013,22.7057710501,26.2622491123
2008-2012,29.0806754221,28.5191741752
2007-2011,30.5838739574,30.2234420819
2006-2010,27.8810408922,31.4561980998
2005-2009,27.7520814061,31.7959833904
2004-2008,34.9462365591,31.2405052909
2003-2007,31.0880829016,30.4920317834
,,
Benton,,
2011-2015,15.2859960552,21.832106242
2010-2014,15.2394775036,23.8233529433
2009-2013,16.897441915,26.2622491123
2008-2012,17.3357664234,28.5191741752
2007-2011,18.6252771619,30.2234420819
2006-2010,18.6753528773,31.4561980998
2005-2009,18.2012847966,31.7959833904
2004-2008,18.1268882175,31.2405052909
2003-2007,16.1607337847,30.4920317834
,,
Black Hawk,,
2011-2015,19.7980754062,21.832106242
2010-2014,22.4382656037,23.8233529433
2009-2013,24.3521935999,26.2622491123
2008-2012,25.7314328582,28.5191741752
2007-2011,27.5688294364,30.2234420819
2006-2010,28.7677272393,31.4561980998
2005-2009,28.7661695189,31.7959833904
2004-2008,29.4659300184,31.2405052909
2003-2007,30.1324503311,30.4920317834
,,
Boone,,
2011-2015,21.1193241816,21.832106242
2010-2014,21.875,23.8233529433
2009-2013,24.8382923674,26.2622491123
2008-2012,28.6729256534,28.5191741752
2007-2011,29.3320187331,30.2234420819
2006-2010,30.0120048019,31.4561980998
2005-2009,31.7422995533,31.7959833904
2004-2008,28.4590467376,31.2405052909
2003-2007,28.9821469974,30.4920317834
,,
Bremer,,
2011-2015,6.85566055216,21.832106242
2010-2014,7.72911299227,23.8233529433
2009-2013,9.40785832872,26.2622491123
2008-2012,10.9158186864,28.5191741752
2007-2011,11.4644970414,30.2234420819
2006-2010,12.1110490032,31.4561980998
2005-2009,11.4878636279,31.7959833904
2004-2008,11.390777145,31.2405052909
2003-2007,10.0163904571,30.4920317834
,,
Buchanan,,
2011-2015,18.9030058878,21.832106242
2010-2014,21.1526670754,23.8233529433
2009-2013,22.1822541966,26.2622491123
2008-2012,24.9492312155,28.5191741752
2007-2011,25.2196089544,30.2234420819
2006-2010,24.0156380899,31.4561980998
2005-2009,24.8769819574,31.7959833904
2004-2008,27.0632368703,31.2405052909
2003-2007,27.6679841897,30.4920317834
,,
Buena Vista,,
2011-2015,38.61003861,21.832106242
2010-2014,44.028340081,23.8233529433
2009-2013,45.3865336658,26.2622491123
2008-2012,48.5870104115,28.5191741752
2007-2011,44.8275862069,30.2234420819
2006-2010,46.2370880472,31.4561980998
2005-2009,44.0127858372,31.7959833904
2004-2008,43.5841246652,31.2405052909
2003-2007,39.9422521655,30.4920317834
,,
Butler,,
2011-2015,13.6857008023,21.832106242
2010-2014,14.0778977006,23.8233529433
2009-2013,15.3846153846,26.2622491123
2008-2012,16.1290322581,28.5191741752
2007-2011,17.9533213645,30.2234420819
2006-2010,19.6506550218,31.4561980998
2005-2009,23.6986881083,31.7959833904
2004-2008,23.7413016783,31.2405052909
2003-2007,23.0117077109,30.4920317834
,,
Calhoun,,
2011-2015,20.9677419355,21.832106242
2010-2014,24.1809672387,23.8233529433
2009-2013,29.7256097561,26.2622491123
2008-2012,29.0611028316,28.5191741752
2007-2011,29.3696275072,30.2234420819
2006-2010,30.1369863014,31.4561980998
2005-2009,29.702970297,31.7959833904
2004-2008,27.7427490542,31.2405052909
2003-2007,27.4626865672,30.4920317834
,,
Carroll,,
2011-2015,23.7425804436,21.832106242
2010-2014,23.8454572895,23.8233529433
2009-2013,25.3792298716,26.2622491123
2008-2012,25.4067941764,28.5191741752
2007-2011,23.7430167598,30.2234420819
2006-2010,24.9031543996,31.4561980998
2005-2009,25.389025389,31.7959833904
2004-2008,25.4282655246,31.2405052909
2003-2007,22.8274967575,30.4920317834
,,
Cass,,
2011-2015,21.978021978,21.832106242
2010-2014,29.3803418803,23.8233529433
2009-2013,33.0957230143,26.2622491123
2008-2012,36.6389838788,28.5191741752
2007-2011,38.1176470588,30.2234420819
2006-2010,42.1545667447,31.4561980998
2005-2009,40.227165168,31.7959833904
2004-2008,33.9063992359,31.2405052909
2003-2007,29.7731568998,30.4920317834
,,
Cedar,,
2011-2015,14.6086956522,21.832106242
2010-2014,15.6033287101,23.8233529433
2009-2013,15.1671837297,26.2622491123
2008-2012,16.0300136426,28.5191741752
2007-2011,16.66099966,30.2234420819
2006-2010,19.0346702923,31.4561980998
2005-2009,18.9133425034,31.7959833904
2004-2008,20.4506065858,31.2405052909
2003-2007,19.3389592124,30.4920317834
,,
Cerro Gordo,,
2011-2015,20.5073674616,21.832106242
2010-2014,22.2222222222,23.8233529433
2009-2013,24.8017303533,26.2622491123
2008-2012,25.5319148936,28.5191741752
2007-2011,29.4365012616,30.2234420819
2006-2010,29.6462033282,31.4561980998
2005-2009,30.8185748152,31.7959833904
2004-2008,31.0088202867,31.2405052909
2003-2007,32.4949014276,30.4920317834
,,
Cherokee,,
2011-2015,32.7868852459,21.832106242
2010-2014,32.7074500303,23.8233529433
2009-2013,29.2362768496,26.2622491123
2008-2012,29.1545189504,28.5191741752
2007-2011,31.3568985177,30.2234420819
2006-2010,32.0584926884,31.4561980998
2005-2009,31.2843029638,31.7959833904
2004-2008,32.7176781003,31.2405052909
2003-2007,32.3741007194,30.4920317834
,,
Chickasaw,,
2011-2015,13.1940626718,21.832106242
2010-2014,15.9574468085,23.8233529433
2009-2013,17.277486911,26.2622491123
2008-2012,18.7012987013,28.5191741752
2007-2011,20.9825997953,30.2234420819
2006-2010,21.4677983025,31.4561980998
2005-2009,20.8131655373,31.7959833904
2004-2008,22.3776223776,31.2405052909
2003-2007,21.2958767558,30.4920317834
,,
Clarke,,
2011-2015,42.1286031042,21.832106242
2010-2014,43.3186490455,23.8233529433
2009-2013,49.1329479769,26.2622491123
2008-2012,54.3401552576,28.5191741752
2007-2011,60.4586518416,30.2234420819
2006-2010,54.5454545455,31.4561980998
2005-2009,53.841103086,31.7959833904
2004-2008,49.9040307102,31.2405052909
2003-2007,50.2793296089,30.4920317834
,,
Clay,,
2011-2015,25.3914515446,21.832106242
2010-2014,28.1690140845,23.8233529433
2009-2013,32.599491956,26.2622491123
2008-2012,37.1287128713,28.5191741752
2007-2011,34.6613545817,30.2234420819
2006-2010,32.5455249903,31.4561980998
2005-2009,33.7248957939,31.7959833904
2004-2008,29.9556213018,31.2405052909
2003-2007,26.7301354815,30.4920317834
,,
Clayton,,
2011-2015,17.1807887544,21.832106242
2010-2014,17.4044646235,23.8233529433
2009-2013,16.0583941606,26.2622491123
2008-2012,20.4802259887,28.5191741752
2007-2011,19.2373754723,30.2234420819
2006-2010,19.5747553156,31.4561980998
2005-2009,18.7870797627,31.7959833904
2004-2008,17.9621162639,31.2405052909
2003-2007,16.1655350792,30.4920317834
,,
Clinton,,
2011-2015,34.3717816684,21.832106242
2010-2014,37.8199414237,23.8233529433
2009-2013,38.5002516356,26.2622491123
2008-2012,41.3691209062,28.5191741752
2007-2011,44.5038910506,30.2234420819
2006-2010,46.6489874638,31.4561980998
2005-2009,44.9558788457,31.7959833904
2004-2008,43.581241118,31.2405052909
2003-2007,42.3368022706,30.4920317834
,,
Crawford,,
2011-2015,34.5614607108,21.832106242
2010-2014,40.1541920977,23.8233529433
2009-2013,40.7254215717,26.2622491123
2008-2012,41.4294750158,28.5191741752
2007-2011,40.0124069479,30.2234420819
2006-2010,37.1724558196,31.4561980998
2005-2009,32.4791418355,31.7959833904
2004-2008,34.422403734,31.2405052909
2003-2007,34.333525678,30.4920317834
,,
Dallas,,
2011-2015,13.7337483977,21.832106242
2010-2014,14.9514563107,23.8233529433
2009-2013,16.2034663111,26.2622491123
2008-2012,17.9531283595,28.5191741752
2007-2011,19.056261343,30.2234420819
2006-2010,22.2725107194,31.4561980998
2005-2009,24.3183492999,31.7959833904
2004-2008,25.9642046887,31.2405052909
2003-2007,25.9033803911,30.4920317834
,,
Davis,,
2011-2015,15.6675749319,21.832106242
2010-2014,17.4337517434,23.8233529433
2009-2013,21.4899713467,26.2622491123
2008-2012,24.1228070175,28.5191741752
2007-2011,29.0486564996,30.2234420819
2006-2010,27.5162925416,31.4561980998
2005-2009,28.1182408075,31.7959833904
2004-2008,26.1669024045,31.2405052909
2003-2007,24.6913580247,30.4920317834
,,
Decatur,,
2011-2015,23.1930960086,21.832106242
2010-2014,24.4964616222,23.8233529433
2009-2013,26.9082921472,26.2622491123
2008-2012,25.9381898455,28.5191741752
2007-2011,25.2010723861,30.2234420819
2006-2010,27.8947368421,31.4561980998
2005-2009,27.1377368152,31.7959833904
2004-2008,25.7808626673,31.2405052909
2003-2007,27.1449345613,30.4920317834
,,
Delaware,,
2011-2015,14.880952381,21.832106242
2010-2014,17.8339818418,23.8233529433
2009-2013,19.3174500966,26.2622491123
2008-2012,21.7809096733,28.5191741752
2007-2011,24.5901639344,30.2234420819
2006-2010,25.2651278852,31.4561980998
2005-2009,24.6609124538,31.7959833904
2004-2008,23.0582524272,31.2405052909
2003-2007,21.2514757969,30.4920317834
,,
Des Moines,,
2011-2015,36.0173160173,21.832106242
2010-2014,37.7131048734,23.8233529433
2009-2013,41.567695962,26.2622491123
2008-2012,43.9872888443,28.5191741752
2007-2011,48.3265306122,30.2234420819
2006-2010,50.2304879987,31.4561980998
2005-2009,49.0043559428,31.7959833904
2004-2008,50.1983521514,31.2405052909
2003-2007,47.6047904192,30.4920317834
,,
Dickinson,,
2011-2015,17.8571428571,21.832106242
2010-2014,21.8253968254,23.8233529433
2009-2013,23.2117479867,26.2622491123
2008-2012,25.1121076233,28.5191741752
2007-2011,25.8397932817,30.2234420819
2006-2010,26.9374222959,31.4561980998
2005-2009,25.3827558421,31.7959833904
2004-2008,23.8576627578,31.2405052909
2003-2007,22.131147541,30.4920317834
,,
Dubuque,,
2011-2015,19.2755266456,21.832106242
2010-2014,20.9727533461,23.8233529433
2009-2013,23.310991162,26.2622491123
2008-2012,25.7043703312,28.5191741752
2007-2011,27.1716995404,30.2234420819
2006-2010,27.5413983441,31.4561980998
2005-2009,27.5500910747,31.7959833904
2004-2008,26.904302418,31.2405052909
2003-2007,26.1441615153,30.4920317834
,,
Emmet,,
2011-2015,28.901734104,21.832106242
2010-2014,29.3225480283,23.8233529433
2009-2013,28.6825473991,26.2622491123
2008-2012,29.0806754221,28.5191741752
2007-2011,27.9405137449,30.2234420819
2006-2010,29.6460176991,31.4561980998
2005-2009,27.5831873905,31.7959833904
2004-2008,26.2123197903,31.2405052909
2003-2007,22.8645383952,30.4920317834
,,
Fayette,,
2011-2015,21.5541690301,21.832106242
2010-2014,23.8359201774,23.8233529433
2009-2013,24.6507806081,26.2622491123
2008-2012,28.5171102662,28.5191741752
2007-2011,29.579375848,30.2234420819
2006-2010,31.6455696203,31.4561980998
2005-2009,31.5642458101,31.7959833904
2004-2008,29.2479108635,31.2405052909
2003-2007,27.0419426049,30.4920317834
,,
Floyd,,
2011-2015,23.5017626322,21.832106242
2010-2014,27.4343122102,23.8233529433
2009-2013,30.5019305019,26.2622491123
2008-2012,33.0642060746,28.5191741752
2007-2011,35.1547573558,30.2234420819
2006-2010,36.231884058,31.4561980998
2005-2009,35.6195528609,31.7959833904
2004-2008,36.4447750093,31.2405052909
2003-2007,34.6336128327,30.4920317834
,,
Franklin,,
2011-2015,29.5930949445,21.832106242
2010-2014,36.2756952842,23.8233529433
2009-2013,33.8882282996,26.2622491123
2008-2012,37.5894988067,28.5191741752
2007-2011,37.170263789,30.2234420819
2006-2010,39.6583282489,31.4561980998
2005-2009,38.6266094421,31.7959833904
2004-2008,40.2684563758,31.2405052909
2003-2007,40.6599882145,30.4920317834
,,
Fremont,,
2011-2015,32.3846908734,21.832106242
2010-2014,34.155597723,23.8233529433
2009-2013,39.3626991565,26.2622491123
2008-2012,42.0017873101,28.5191741752
2007-2011,44.1051738762,30.2234420819
2006-2010,37.985136251,31.4561980998
2005-2009,33.4661354582,31.7959833904
2004-2008,24.9621785174,31.2405052909
2003-2007,18.4094256259,30.4920317834
,,
Greene,,
2011-2015,30.0279329609,21.832106242
2010-2014,38.8143966126,23.8233529433
2009-2013,45.197740113,26.2622491123
2008-2012,38.9700765484,28.5191741752
2007-2011,35.2542372881,30.2234420819
2006-2010,33.7381916329,31.4561980998
2005-2009,28.8335517693,31.7959833904
2004-2008,27.2151898734,31.2405052909
2003-2007,30.3217821782,30.4920317834
,,
Grundy,,
2011-2015,9.12996777658,21.832106242
2010-2014,10.0369783413,23.8233529433
2009-2013,12.8468653649,26.2622491123
2008-2012,15.2207001522,28.5191741752
2007-2011,15.9045725646,30.2234420819
2006-2010,17.1652770966,31.4561980998
2005-2009,18.0224062348,31.7959833904
2004-2008,14.7275405007,31.2405052909
2003-2007,11.6448326055,30.4920317834
,,
Guthrie,,
2011-2015,21.5252152522,21.832106242
2010-2014,18.281535649,23.8233529433
2009-2013,21.4925373134,26.2622491123
2008-2012,20.3016241299,28.5191741752
2007-2011,16.2130862768,30.2234420819
2006-2010,15.725101922,31.4561980998
2005-2009,16.8311085316,31.7959833904
2004-2008,16.7436489607,31.2405052909
2003-2007,20.6303724928,30.4920317834
,,
Hamilton,,
2011-2015,24.7131509267,21.832106242
2010-2014,24.7459125055,23.8233529433
2009-2013,28.0087527352,26.2622491123
2008-2012,33.7606837607,28.5191741752
2007-2011,35.1239669421,30.2234420819
2006-2010,38.6608210442,31.4561980998
2005-2009,38.9961389961,31.7959833904
2004-2008,34.4958301744,31.2405052909
2003-2007,30.7461567304,30.4920317834
,,
Hancock,,
2011-2015,12.2878876536,21.832106242
2010-2014,12.6002290951,23.8233529433
2009-2013,15.2198421646,26.2622491123
2008-2012,15.538290788,28.5191741752
2007-2011,24.0305843801,30.2234420819
2006-2010,28.2666666667,31.4561980998
2005-2009,30.318602261,31.7959833904
2004-2008,28.134254689,31.2405052909
2003-2007,31.2049927988,30.4920317834
,,
Hardin,,
2011-2015,22.3048327138,21.832106242
2010-2014,24.0029542097,23.8233529433
2009-2013,23.5081374322,26.2622491123
2008-2012,27.2469922151,28.5191741752
2007-2011,28.7296642437,30.2234420819
2006-2010,30.7062436029,31.4561980998
2005-2009,30.4144385027,31.7959833904
2004-2008,31.3009455494,31.2405052909
2003-2007,31.190324634,30.4920317834
,,
Harrison,,
2011-2015,20.7972270364,21.832106242
2010-2014,20.8246563932,23.8233529433
2009-2013,20.1450443191,26.2622491123
2008-2012,24.9318270354,28.5191741752
2007-2011,26.6362252664,30.2234420819
2006-2010,24.4177310293,31.4561980998
2005-2009,23.5338064998,31.7959833904
2004-2008,21.2053571429,31.2405052909
2003-2007,14.6176911544,30.4920317834
,,
Henry,,
2011-2015,23.9631336406,21.832106242
2010-2014,26.8374504422,23.8233529433
2009-2013,26.1780104712,26.2622491123
2008-2012,31.0848616724,28.5191741752
2007-2011,34.7264904733,30.2234420819
2006-2010,33.2929782082,31.4561980998
2005-2009,33.7978061073,31.7959833904
2004-2008,33.0530588576,31.2405052909
2003-2007,27.8567367823,30.4920317834
,,
Howard,,
2011-2015,12.6050420168,21.832106242
2010-2014,15.0684931507,23.8233529433
2009-2013,16.6777851901,26.2622491123
2008-2012,24.659312135,28.5191741752
2007-2011,25.9493670886,30.2234420819
2006-2010,31.6967060286,31.4561980998
2005-2009,30.7599517491,31.7959833904
2004-2008,27.1386430678,31.2405052909
2003-2007,19.6078431373,30.4920317834
,,
Humboldt,,
2011-2015,14.2551674982,21.832106242
2010-2014,16.8776371308,23.8233529433
2009-2013,25.8199581298,26.2622491123
2008-2012,30.9278350515,28.5191741752
2007-2011,32.9079919409,30.2234420819
2006-2010,36.3756613757,31.4561980998
2005-2009,37.5318066158,31.7959833904
2004-2008,33.7146297411,31.2405052909
2003-2007,33.8885697875,30.4920317834
,,
Ida,,
2011-2015,22.3300970874,21.832106242
2010-2014,23.0547550432,23.8233529433
2009-2013,26.2910798122,26.2622491123
2008-2012,27.8293135436,28.5191741752
2007-2011,25.3623188406,30.2234420819
2006-2010,27.409372237,31.4561980998
2005-2009,27.801179444,31.7959833904
2004-2008,25.8690379951,31.2405052909
2003-2007,25.4433307633,30.4920317834
,,
Iowa,,
2011-2015,15.3042179918,21.832106242
2010-2014,13.8181818182,23.8233529433
2009-2013,15.8045977011,26.2622491123
2008-2012,18.525115782,28.5191741752
2007-2011,19.4897236003,30.2234420819
2006-2010,20.6258890469,31.4561980998
2005-2009,20.5331412104,31.7959833904
2004-2008,19.0058479532,31.2405052909
2003-2007,17.7975528365,30.4920317834
,,
Jackson,,
2011-2015,21.7245989305,21.832106242
2010-2014,21.7320791437,23.8233529433
2009-2013,24.9143568982,26.2622491123
2008-2012,24.6913580247,28.5191741752
2007-2011,23.5017626322,30.2234420819
2006-2010,26.863084922,31.4561980998
2005-2009,28.0400572246,31.7959833904
2004-2008,27.1506144613,31.2405052909
2003-2007,26.7653758542,30.4920317834
,,
Jasper,,
2011-2015,27.8360343184,21.832106242
2010-2014,28.9115646259,23.8233529433
2009-2013,30.6179254036,26.2622491123
2008-2012,31.922655965,28.5191741752
2007-2011,30.9869245925,30.2234420819
2006-2010,30.2437288739,31.4561980998
2005-2009,31.9298245614,31.7959833904
2004-2008,33.1068130336,31.2405052909
2003-2007,33.2414743369,30.4920317834
,,
Jefferson,,
2011-2015,22.8438228438,21.832106242
2010-2014,22.4977043159,23.8233529433
2009-2013,25.939177102,26.2622491123
2008-2012,26.2823230182,28.5191741752
2007-2011,28.8032454361,30.2234420819
2006-2010,29.7527047913,31.4561980998
2005-2009,30.7467057101,31.7959833904
2004-2008,25.8407079646,31.2405052909
2003-2007,24.7175141243,30.4920317834
,,
Johnson,,
2011-2015,7.81223917471,21.832106242
2010-2014,8.61569896135,23.8233529433
2009-2013,9.0367562445,26.2622491123
2008-2012,10.0559782791,28.5191741752
2007-2011,10.7402511566,30.2234420819
2006-2010,10.7418378308,31.4561980998
2005-2009,10.5031285915,31.7959833904
2004-2008,10.6074602618,31.2405052909
2003-2007,9.79110189762,30.4920317834
,,
Jones,,
2011-2015,14.1843971631,21.832106242
2010-2014,14.6666666667,23.8233529433
2009-2013,14.939915557,26.2622491123
2008-2012,23.0066183423,28.5191741752
2007-2011,25.1162790698,30.2234420819
2006-2010,27.3805902038,31.4561980998
2005-2009,28.5114045618,31.7959833904
2004-2008,31.727027836,31.2405052909
2003-2007,27.00270027,30.4920317834
,,
Keokuk,,
2011-2015,25.9099321407,21.832106242
2010-2014,29.2014302741,23.8233529433
2009-2013,28.1285878301,26.2622491123
2008-2012,25.0138966092,28.5191741752
2007-2011,24.2557883131,30.2234420819
2006-2010,19.3584070796,31.4561980998
2005-2009,20.7050923335,31.7959833904
2004-2008,27.027027027,31.2405052909
2003-2007,29.9604296213,30.4920317834
,,
Kossuth,,
2011-2015,11.7498950902,21.832106242
2010-2014,11.7647058824,23.8233529433
2009-2013,13.3910988578,26.2622491123
2008-2012,15.7752981916,28.5191741752
2007-2011,16.578749058,30.2234420819
2006-2010,18.9450222883,31.4561980998
2005-2009,18.1225081551,31.7959833904
2004-2008,18.3615819209,31.2405052909
2003-2007,17.4418604651,30.4920317834
,,
Lee,,
2011-2015,40.7463823305,21.832106242
2010-2014,42.0796708435,23.8233529433
2009-2013,44.9024659551,26.2622491123
2008-2012,46.8608648453,28.5191741752
2007-2011,47.7207977208,30.2234420819
2006-2010,49.4544174586,31.4561980998
2005-2009,48.5555168813,31.7959833904
2004-2008,45.399828031,31.2405052909
2003-2007,41.7946093483,30.4920317834
,,
Linn,,
2011-2015,18.6567164179,21.832106242
2010-2014,20.7201657613,23.8233529433
2009-2013,23.5051661236,26.2622491123
2008-2012,26.0409452309,28.5191741752
2007-2011,27.567041823,30.2234420819
2006-2010,29.082900384,31.4561980998
2005-2009,30.1427201116,31.7959833904
2004-2008,29.4731195613,31.2405052909
2003-2007,28.8906478324,30.4920317834
,,
Louisa,,
2011-2015,26.9151138716,21.832106242
2010-2014,27.7349768875,23.8233529433
2009-2013,34.5352971051,26.2622491123
2008-2012,37.9939209726,28.5191741752
2007-2011,43.3266932271,30.2234420819
2006-2010,44.3786982249,31.4561980998
2005-2009,50.8308895406,31.7959833904
2004-2008,45.8984375,31.2405052909
2003-2007,39.8832684825,30.4920317834
,,
Lucas,,
2011-2015,27.0072992701,21.832106242
2010-2014,32.8102710414,23.8233529433
2009-2013,33.2871012483,26.2622491123
2008-2012,34.1064120055,28.5191741752
2007-2011,41.8326693227,30.2234420819
2006-2010,42.7841634738,31.4561980998
2005-2009,36.1298224127,31.7959833904
2004-2008,35.4567307692,31.2405052909
2003-2007,34.4213649852,30.4920317834
,,
Lyon,,
2011-2015,18.9764232317,21.832106242
2010-2014,16.6858457998,23.8233529433
2009-2013,16.9014084507,26.2622491123
2008-2012,16.2778079219,28.5191741752
2007-2011,14.0625,30.2234420819
2006-2010,11.0943015633,31.4561980998
2005-2009,10.7369448511,31.7959833904
2004-2008,9.6015362458,31.2405052909
2003-2007,6.20229007634,30.4920317834
,,
Madison,,
2011-2015,16.9158143194,21.832106242
2010-2014,18.2481751825,23.8233529433
2009-2013,18.1593066447,26.2622491123
2008-2012,22.2313709345,28.5191741752
2007-2011,23.3798195242,30.2234420819
2006-2010,25.7352941176,31.4561980998
2005-2009,26.1117911057,31.7959833904
2004-2008,28.618152085,31.2405052909
2003-2007,28.3018867925,30.4920317834
,,
Mahaska,,
2011-2015,21.8654857459,21.832106242
2010-2014,24.5057087162,23.8233529433
2009-2013,27.3008725021,26.2622491123
2008-2012,25.5833567613,28.5191741752
2007-2011,32.2670375522,30.2234420819
2006-2010,38.0613362541,31.4561980998
2005-2009,40.4608788853,31.7959833904
2004-2008,39.2670157068,31.2405052909
2003-2007,42.1377183967,30.4920317834
,,
Marion,,
2011-2015,13.9079932753,21.832106242
2010-2014,15.0845649855,23.8233529433
2009-2013,17.0694864048,26.2622491123
2008-2012,18.3513838748,28.5191741752
2007-2011,21.0368144252,30.2234420819
2006-2010,22.3455308938,31.4561980998
2005-2009,23.791597651,31.7959833904
2004-2008,23.5471698113,31.2405052909
2003-2007,22.6039783002,30.4920317834
,,
Marshall,,
2011-2015,43.0359937402,21.832106242
2010-2014,46.9512195122,23.8233529433
2009-2013,49.6903790968,26.2622491123
2008-2012,53.63061163,28.5191741752
2007-2011,54.2682926829,30.2234420819
2006-2010,58.4304584305,31.4561980998
2005-2009,60.9639323332,31.7959833904
2004-2008,63.5354672672,31.2405052909
2003-2007,63.9506573608,30.4920317834
,,
Mills,,
2011-2015,23.0891719745,21.832106242
2010-2014,23.0341540905,23.8233529433
2009-2013,25.9688373951,26.2622491123
2008-2012,28.5026093938,28.5191741752
2007-2011,25.9004451639,30.2234420819
2006-2010,27.3469387755,31.4561980998
2005-2009,26.2402624026,31.7959833904
2004-2008,22.2039473684,31.2405052909
2003-2007,17.8719866999,30.4920317834
,,
Mitchell,,
2011-2015,10.4683195592,21.832106242
2010-2014,11.4691425451,23.8233529433
2009-2013,11.8025751073,26.2622491123
2008-2012,9.92167101828,28.5191741752
2007-2011,9.75860297894,30.2234420819
2006-2010,12.1642169285,31.4561980998
2005-2009,13.5270541082,31.7959833904
2004-2008,14.5655449523,31.2405052909
2003-2007,16.8453292496,30.4920317834
,,
Monona,,
2011-2015,17.1769977595,21.832106242
2010-2014,18.922852984,23.8233529433
2009-2013,18.8405797101,26.2622491123
2008-2012,21.3219616205,28.5191741752
2007-2011,21.954674221,30.2234420819
2006-2010,24.5487364621,31.4561980998
2005-2009,23.3236151603,31.7959833904
2004-2008,28.9435600579,31.2405052909
2003-2007,31.8922749823,30.4920317834
,,
Monroe,,
2011-2015,27.9776179057,21.832106242
2010-2014,31.5627405697,23.8233529433
2009-2013,33.033033033,26.2622491123
2008-2012,43.1818181818,28.5191741752
2007-2011,41.958041958,30.2234420819
2006-2010,47.811993517,31.4561980998
2005-2009,44.3886097152,31.7959833904
2004-2008,44.6880269815,31.2405052909
2003-2007,37.2516556291,30.4920317834
,,
Montgomery,,
2011-2015,37.2066399542,21.832106242
2010-2014,40.7009609949,23.8233529433
2009-2013,38.1593714927,26.2622491123
2008-2012,36.4640883978,28.5191741752
2007-2011,37.0572207084,30.2234420819
2006-2010,32.8486806677,31.4561980998
2005-2009,31.3829787234,31.7959833904
2004-2008,33.7374802319,31.2405052909
2003-2007,31.8302387268,30.4920317834
,,
Muscatine,,
2011-2015,35.6985456148,21.832106242
2010-2014,37.6281112738,23.8233529433
2009-2013,40.8927285817,26.2622491123
2008-2012,45.1202263083,28.5191741752
2007-2011,47.546225497,30.2234420819
2006-2010,50.4714364947,31.4561980998
2005-2009,52.727527696,31.7959833904
2004-2008,53.7757437071,31.2405052909
2003-2007,52.9927007299,30.4920317834
,,
Obrien,,
2011-2015,18.8305252725,21.832106242
2010-2014,26.58788774,23.8233529433
2009-2013,27.8177458034,26.2622491123
2008-2012,31.3376987839,28.5191741752
2007-2011,34.5611641655,30.2234420819
2006-2010,33.2299512627,31.4561980998
2005-2009,30.482641829,31.7959833904
2004-2008,32.0987654321,31.2405052909
2003-2007,30.2668259658,30.4920317834
,,
Osceola,,
2011-2015,32.992036405,21.832106242
2010-2014,29.6052631579,23.8233529433
2009-2013,27.9792746114,26.2622491123
2008-2012,23.0326295585,28.5191741752
2007-2011,20.6278026906,30.2234420819
2006-2010,20.1850294365,31.4561980998
2005-2009,18.1674565561,31.7959833904
2004-2008,21.0684725357,31.2405052909
2003-2007,23.3747260774,30.4920317834
,,
Page,,
2011-2015,35.4978354978,21.832106242
2010-2014,37.3355960967,23.8233529433
2009-2013,44.948630137,26.2622491123
2008-2012,46.7209601372,28.5191741752
2007-2011,44.8717948718,30.2234420819
2006-2010,41.9491525424,31.4561980998
2005-2009,41.3502109705,31.7959833904
2004-2008,32.4568611339,31.2405052909
2003-2007,30.6698950767,30.4920317834
,,
Palo Alto,,
2011-2015,15.3964588145,21.832106242
2010-2014,18.9393939394,23.8233529433
2009-2013,20.0860832138,26.2622491123
2008-2012,21.0027100271,28.5191741752
2007-2011,20.618556701,30.2234420819
2006-2010,19.0067443286,31.4561980998
2005-2009,18.7025131502,31.7959833904
2004-2008,18.8679245283,31.2405052909
2003-2007,14.6149522203,30.4920317834
,,
Plymouth,,
2011-2015,16.3820950623,21.832106242
2010-2014,15.3247941446,23.8233529433
2009-2013,16.2026471931,26.2622491123
2008-2012,16.3785259327,28.5191741752
2007-2011,17.2727272727,30.2234420819
2006-2010,18.7697874265,31.4561980998
2005-2009,20.3022783668,31.7959833904
2004-2008,19.8971607422,31.2405052909
2003-2007,19.5346795435,30.4920317834
,,
Pocahontas,,
2011-2015,17.4418604651,21.832106242
2010-2014,18.9035916824,23.8233529433
2009-2013,21.1202938476,26.2622491123
2008-2012,24.2005185825,28.5191741752
2007-2011,29.886914378,30.2234420819
2006-2010,31.0370931113,31.4561980998
2005-2009,31.4465408805,31.7959833904
2004-2008,27.5590551181,31.2405052909
2003-2007,25.3485424588,30.4920317834
,,
Polk,,
2011-2015,25.2879744149,21.832106242
2010-2014,27.8355692661,23.8233529433
2009-2013,31.5954618748,26.2622491123
2008-2012,34.9191916229,28.5191741752
2007-2011,38.947758429,30.2234420819
2006-2010,41.1362440821,31.4561980998
2005-2009,42.7102961227,31.7959833904
2004-2008,42.4523891157,31.2405052909
2003-2007,42.8861337477,30.4920317834
,,
Pottawattamie,,
2011-2015,30.9769140472,21.832106242
2010-2014,34.5426476264,23.8233529433
2009-2013,37.5628700579,26.2622491123
2008-2012,39.3914525598,28.5191741752
2007-2011,40.9727895431,30.2234420819
2006-2010,41.8162352793,31.4561980998
2005-2009,39.5069532238,31.7959833904
2004-2008,36.7958525637,31.2405052909
2003-2007,35.8880394263,30.4920317834
,,
Poweshiek,,
2011-2015,12.75,21.832106242
2010-2014,15.4267230654,23.8233529433
2009-2013,16.6542381307,26.2622491123
2008-2012,19.0170412448,28.5191741752
2007-2011,20.4978038067,30.2234420819
2006-2010,18.1290790428,31.4561980998
2005-2009,17.5313906657,31.7959833904
2004-2008,17.5029171529,31.2405052909
2003-2007,16.724738676,30.4920317834
,,
Ringgold,,
2011-2015,20.6611570248,21.832106242
2010-2014,18.8679245283,23.8233529433
2009-2013,20,26.2622491123
2008-2012,23.7780713342,28.5191741752
2007-2011,26.9541778976,30.2234420819
2006-2010,33.3333333333,31.4561980998
2005-2009,45.2554744526,31.7959833904
2004-2008,46.7153284672,31.2405052909
2003-2007,56.5770862801,30.4920317834
,,
Sac,,
2011-2015,19.6326789107,21.832106242
2010-2014,19.7956577267,23.8233529433
2009-2013,16.7850225952,26.2622491123
2008-2012,15.1815181518,28.5191741752
2007-2011,16.5782493369,30.2234420819
2006-2010,16.9823644677,31.4561980998
2005-2009,17.26342711,31.7959833904
2004-2008,18.0236171535,31.2405052909
2003-2007,22.7136879857,30.4920317834
,,
Scott,,
2011-2015,29.7893042925,21.832106242
2010-2014,32.3628219485,23.8233529433
2009-2013,37.6015129603,26.2622491123
2008-2012,39.3532978137,28.5191741752
2007-2011,41.6,30.2234420819
2006-2010,43.037063692,31.4561980998
2005-2009,44.1821488428,31.7959833904
2004-2008,43.3310765064,31.2405052909
2003-2007,43.2374486332,30.4920317834
,,
Shelby,,
2011-2015,16.1616161616,21.832106242
2010-2014,15.444015444,23.8233529433
2009-2013,15.4566744731,26.2622491123
2008-2012,18.7300137049,28.5191741752
2007-2011,17.6950998185,30.2234420819
2006-2010,18.9616252822,31.4561980998
2005-2009,18.7471422039,31.7959833904
2004-2008,18.7643020595,31.2405052909
2003-2007,15.5606407323,30.4920317834
,,
Sioux,,
2011-2015,14.2505505895,21.832106242
2010-2014,15.712245163,23.8233529433
2009-2013,15.6715451366,26.2622491123
2008-2012,16.8836190231,28.5191741752
2007-2011,17.1908824653,30.2234420819
2006-2010,17.6200521156,31.4561980998
2005-2009,17.5903614458,31.7959833904
2004-2008,17.7250851039,31.2405052909
2003-2007,16.5156554651,30.4920317834
,,
Story,,
2011-2015,4.45302648172,21.832106242
2010-2014,4.8628989416,23.8233529433
2009-2013,5.82290063636,26.2622491123
2008-2012,7.07837070317,28.5191741752
2007-2011,8.50955197209,30.2234420819
2006-2010,9.04470669308,31.4561980998
2005-2009,9.34132777198,31.7959833904
2004-2008,8.63322027926,31.2405052909
2003-2007,7.63528210592,30.4920317834
,,
Tama,,
2011-2015,28.4471218206,21.832106242
2010-2014,29.5167045086,23.8233529433
2009-2013,33.0339961514,26.2622491123
2008-2012,34.076433121,28.5191741752
2007-2011,38.1222432262,30.2234420819
2006-2010,37.4449339207,31.4561980998
2005-2009,40.6940063091,31.7959833904
2004-2008,38.7035871617,31.2405052909
2003-2007,39.1167192429,30.4920317834
,,
Taylor,,
2011-2015,28.6298568507,21.832106242
2010-2014,29.4416243655,23.8233529433
2009-2013,27.5319567355,26.2622491123
2008-2012,25.1937984496,28.5191741752
2007-2011,28.2101167315,30.2234420819
2006-2010,30.0096805421,31.4561980998
2005-2009,28.4360189573,31.7959833904
2004-2008,23.9923224568,31.2405052909
2003-2007,20.7939508507,30.4920317834
,,
Union,,
2011-2015,26.353617633,21.832106242
2010-2014,30.0937345831,23.8233529433
2009-2013,36.5853658537,26.2622491123
2008-2012,41.7525773196,28.5191741752
2007-2011,41.6238437821,30.2234420819
2006-2010,38.8151174668,31.4561980998
2005-2009,40.3679100664,31.7959833904
2004-2008,34.9544072948,31.2405052909
2003-2007,34.5704117946,30.4920317834
,,
Van Buren,,
2011-2015,14.1911069063,21.832106242
2010-2014,20.4271123491,23.8233529433
2009-2013,27.4977085243,26.2622491123
2008-2012,27.902790279,28.5191741752
2007-2011,28.4482758621,30.2234420819
2006-2010,31.0663308144,31.4561980998
2005-2009,31.914893617,31.7959833904
2004-2008,32.131661442,31.2405052909
2003-2007,31.5142198309,30.4920317834
,,
Wapello,,
2011-2015,38.2153958676,21.832106242
2010-2014,41.9928825623,23.8233529433
2009-2013,47.4628926476,26.2622491123
2008-2012,51.2820512821,28.5191741752
2007-2011,54.7512065235,30.2234420819
2006-2010,56.1594202899,31.4561980998
2005-2009,55.1974880185,31.7959833904
2004-2008,53.2338308458,31.2405052909
2003-2007,52.4908057506,30.4920317834
,,
Warren,,
2011-2015,17.3291454565,21.832106242
2010-2014,18.4115916767,23.8233529433
2009-2013,19.5321121165,26.2622491123
2008-2012,20.1297248938,28.5191741752
2007-2011,19.5634965509,30.2234420819
2006-2010,20.0964630225,31.4561980998
2005-2009,20.6554350335,31.7959833904
2004-2008,20.8357448779,31.2405052909
2003-2007,20.9986000933,30.4920317834
,,
Washington,,
2011-2015,23.842528417,21.832106242
2010-2014,23.0427540255,23.8233529433
2009-2013,24.6153846154,26.2622491123
2008-2012,25.298465037,28.5191741752
2007-2011,25.0648228176,30.2234420819
2006-2010,30.4701102728,31.4561980998
2005-2009,31.8062445287,31.7959833904
2004-2008,29.5927336654,31.2405052909
2003-2007,29.7897196262,30.4920317834
,,
Wayne,,
2011-2015,24.0837696335,21.832106242
2010-2014,27.027027027,23.8233529433
2009-2013,26.7765190525,26.2622491123
2008-2012,33.2661290323,28.5191741752
2007-2011,41.2979351032,30.2234420819
2006-2010,43.7262357414,31.4561980998
2005-2009,45.9558823529,31.7959833904
2004-2008,50.8771929825,31.2405052909
2003-2007,44.9533502969,30.4920317834
,,
Webster,,
2011-2015,26.6581018147,21.832106242
2010-2014,26.8979786726,23.8233529433
2009-2013,30.7501164777,26.2622491123
2008-2012,34.7879157766,28.5191741752
2007-2011,37.1035308199,30.2234420819
2006-2010,39.4154118689,31.4561980998
2005-2009,42.7501101807,31.7959833904
2004-2008,42.5155004429,31.2405052909
2003-2007,40.3022670025,30.4920317834
,,
Winnebago,,
2011-2015,18.8560653677,21.832106242
2010-2014,20.6378986867,23.8233529433
2009-2013,21.0649502633,26.2622491123
2008-2012,24.7311827957,28.5191741752
2007-2011,22.8061477442,30.2234420819
2006-2010,25.5357957136,31.4561980998
2005-2009,24.7651579846,31.7959833904
2004-2008,22.2408728493,31.2405052909
2003-2007,17.5438596491,30.4920317834
,,
Winneshiek,,
2011-2015,6.53846153846,21.832106242
2010-2014,5.93415007657,23.8233529433
2009-2013,6.65905631659,26.2622491123
2008-2012,7.18880060537,28.5191741752
2007-2011,6.96405044231,30.2234420819
2006-2010,7.27611940299,31.4561980998
2005-2009,7.52017608217,31.7959833904
2004-2008,7.76173285199,31.2405052909
2003-2007,7.10858361471,30.4920317834
,,
Woodbury,,
2011-2015,34.3547404001,21.832106242
2010-2014,38.4699813412,23.8233529433
2009-2013,42.3523064473,26.2622491123
2008-2012,46.0955026172,28.5191741752
2007-2011,47.2194189196,30.2234420819
2006-2010,50.0238714127,31.4561980998
2005-2009,50.1334757074,31.7959833904
2004-2008,49.7028633171,31.2405052909
2003-2007,50.1094091904,30.4920317834
,,
Worth,,
2011-2015,13.6778115502,21.832106242
2010-2014,14.5371078806,23.8233529433
2009-2013,17.2684458399,26.2622491123
2008-2012,18.3706070288,28.5191741752
2007-2011,23.102310231,30.2234420819
2006-2010,25.7731958763,31.4561980998
2005-2009,23.8726790451,31.7959833904
2004-2008,26.6193433895,31.2405052909
2003-2007,28.2186948854,30.4920317834
,,
Wright,,
2011-2015,27.7149321267,21.832106242
2010-2014,27.6056338028,23.8233529433
2009-2013,36.2520914668,26.2622491123
2008-2012,44.9377368706,28.5191741752
2007-2011,51.9480519481,30.2234420819
2006-2010,54.0674603175,31.4561980998
2005-2009,52.8338136407,31.7959833904
2004-2008,51.5320334262,31.2405052909
2003-2007,46.2585034014,30.4920317834
,,
